Country,Year,GDPPC,GDP_Growth,GINI,Gov_Debt,Inflation,Life_Exp,Unemployment,Edu,PI
Afghanistan,1960,,,,,,32.535,,0.37,0
Albania,1960,,,,,,54.439,,2.98,0
Argentina,1960,7410.305029,,,,,63.978,,5.67,6375
Australia,1960,19904.94341,,,,3.728813559,70.81707317,,8.53,312
Austria,1960,12051.15117,,,,1.945749352,68.58560976,,5.86,562
Belgium,1960,11734.30617,,,,0.299467255,69.70195122,,7.22,1562
Benin,1960,657.2189415,,,,,38.181,,0.61,625
Bulgaria,1960,,,,,,69.24756098,,4.99,0
Bolivia,1960,1275.17751,,,,11.53315258,43.1,,3.06,4312
Brazil,1960,2578.429025,,,,,52.66,,2.55,625
Central African Republic,1960,583.648968,,,,,39.236,,0.5,0
Canada,1960,,,,,1.358695652,71.13317073,,8.34,0
Switzerland,1960,,,,,1.438794703,71.31341463,,9.04,0
Chile,1960,3288.607468,,,,,57.015,,5.22,750
China,1960,238.217052,,,,,33.275,,2.51,750
Cameroon,1960,943.2784617,,,,,34.819,,1.08,4687
Colombia,1960,1951.042877,,,,5.814076282,57.13,,3.05,1250
Costa Rica,1960,3558.990682,,,,0.790205818,60.415,,3.89,1250
Cuba,1960,,,,,,64.173,,3.99,8500
Cyprus,1960,,,,,0.827300931,64.187,,5.14,437
Denmark,1960,18107.37593,,,,1.255230126,72.17658537,,5.06,0
Ecuador,1960,2529.871341,,,,1.676599126,53.364,,3.22,562
Spain,1960,6215.036283,,,,1.177771084,69.10926829,,4.18,2750
Finland,1960,11425.29343,,,,3.418127254,68.8197561,,4.18,250
France,1960,11169.64724,,,,4.139935755,69.86829268,,4.2,2812
Gabon,1960,3304.691632,,,,,46.575,,1.01,0
United Kingdom,1960,14914.88076,,,,1.003575704,71.12682927,,6.86,1062
Ghana,1960,1107.988683,,,,,47.096,,1.05,1500
Greece,1960,5030.743562,,,,1.477847585,69.3,,7.39,0
Guatemala,1960,1854.789665,,,,-1.190693153,45.808,,1.4,4750
Honduras,1960,1197.05629,,,,-1.746238157,48.317,,1.92,250
Haiti,1960,1716.037591,,,,-5.030041596,43.499,,0.8,812
Hungary,1960,,,,,,68.00317073,,7.43,0
Indonesia,1960,597.1474028,,,,39.59044369,46.452,,1.57,1875
India,1960,305.7892575,,,,1.779877847,45.218,,1.13,7000
Ireland,1960,,,,,0.450837269,70.19426829,,6.72,0
Iraq,1960,,,,,3.478237904,52.618,,0.5,2000
Iceland,1960,,,,,1.988397239,73.76204878,,6.14,0
Israel,1960,,,,,2.228112421,,,7.66,250
Italy,1960,9687.647006,,,,2.350161414,69.12390244,,4.86,3250
Jordan,1960,,,,,,52.617,,2.41,1562
Japan,1960,6260.67597,,,,3.574511525,67.69560976,,7.76,5937
Cambodia,1960,,,,,,42.361,,1.18,0
Liberia,1960,,,,,,38.33,,0.73,0
Sri Lanka,1960,,,,,-1.544676806,60.699,,3.98,312
Luxembourg,1960,25520.18243,,,,0.449620296,68.59253659,,4.51,0
Morocco,1960,,,,,3.424299065,42.017,,0.49,2312
Mexico,1960,4197.98229,,,,4.927518869,55.017,,2.52,625
Mali,1960,,,,,,29.754,,0.2,1875
Mongolia,1960,,,,,,44.984,,2.52,0
Mauritania,1960,,,,,,44.767,,1.43,0
Malaysia,1960,1286.103398,,,,0.063182598,56.502,,2.83,1250
Niger,1960,744.026216,,,,,36.404,,0.38,250
Nicaragua,1960,1665.422616,,,,,46.125,,2.17,2500
Netherlands,1960,14276.87006,,,,2.323943662,73.39268293,,6.19,250
Norway,1960,19134.05988,,,,0.360492347,73.5497561,,7.48,0
Nepal,1960,325.7304275,,,,,38.559,,0.13,2437
New Zealand,1960,,,,,0.697929234,71.23658537,,9.9,0
Pakistan,1960,411.7556261,,,,6.947368421,44.932,,1.15,0
Panama,1960,2723.059769,,,,0.051177072,60.702,,4.59,500
Peru,1960,2704.879948,,,,8.664459163,50.495,,3.21,0
Philippines,1960,1100.310897,,,,4.15482178,59.227,,3.46,1500
Poland,1960,,,,,,67.6804878,,6.04,750
Portugal,1960,3934.944738,,,,3.046592778,64.00746341,,2.28,0
Paraguay,1960,1499.155404,,,,8.181818182,60.423,,3.43,6500
Romania,1960,,,,,,65.86053659,,5.18,0
Saudi Arabia,1960,,,,,,45.94,,2.71,1875
Sudan,1960,1407.0625,,,,0.092240286,46.603,,0.48,0
Senegal,1960,1174.819175,,,,,39.878,,2.08,0
El Salvador,1960,,,,,-0.038974199,48.084,,1.97,2375
Sweden,1960,16525.36105,,,,4.141779151,73.00560976,,7.56,0
Togo,1960,455.2586622,,,,,42.692,,0.49,0
Thailand,1960,598.1496473,,,,-0.765864333,51.035,,2.55,0
Tunisia,1960,,,,,,43.94,,0.92,0
Uruguay,1960,6636.645979,,,,38.5040374,67.772,,4.87,375
South Africa,1960,3974.033611,,,,1.288859035,52.669,,4.39,6375
Afghanistan,1965,,,,,,34.953,,0.42,0
Albania,1965,,,,,,60.019,,3.41,0
Argentina,1965,8241.529337,10.56943334,,,,64.593,,5.94,625
Australia,1965,22455.04559,5.980351,,,3.405572755,70.8502439,,8.93,0
Austria,1965,14471.82132,3.480174918,,,4.930916377,69.72219512,,6.69,0
Burundi,1965,277.1879515,3.967225609,,,,42.005,,0.81,.
Belgium,1965,14489.4451,3.56065984,,,4.065201375,70.62536585,,7.33,562
Benin,1965,706.9956759,5.293862829,,,,40.184,,0.76,5625
Bulgaria,1965,,,,,,71.29390244,,4.45,250
Bolivia,1965,1442.2216,4.913441956,,,2.860286029,44.712,,3.57,6062
Brazil,1965,2746.258042,2.4,,,,55.084,,2.85,125
Central African Republic,1965,548.1902908,0.947578712,,,,41.929,,0.6,0
Canada,1965,,6.316714176,,,2.332657201,71.87219512,,8.65,312
Switzerland,1965,,,,,3.414478608,72.20170732,,9.36,0
Chile,1965,3571.140673,0.950272505,,,,59.455,,5.66,1000
China,1965,232.6072068,16.95,,,,52.912,,3.11,0
Cameroon,1965,969.43166,2.026053715,,,,43.889,,1.43,0
Colombia,1965,2107.61036,3.60001139,,,7.590683669,59.815,,3.42,1812
Costa Rica,1965,3850.155204,8.190527594,,,-0.665000001,62.663,,4.12,0
Cuba,1965,,,,,,66.318,,4.49,250
Cyprus,1965,,,,,0.202839757,67.052,,5.54,1250
Denmark,1965,22519.81153,4.555254814,,,5.449999999,72.37073171,,5.72,125
Algeria,1965,2030.636067,6.206898211,,,,42.714,,1.1,.
Ecuador,1965,2734.524124,3.275082488,,,3.069070662,55.664,,3.9,812
Spain,1965,8932.557047,6.253134899,,,13.21413784,70.80926829,,4.48,250
Finland,1965,14065.67368,5.302857802,,,4.940588068,68.97780488,,4.84,0
France,1965,14089.58455,4.861507696,,,2.703104559,70.81219512,,4.65,312
Gabon,1965,4591.270721,8.33333566,,,2.438473696,49.752,,1.42,0
United Kingdom,1965,16876.01736,2.142176544,,,4.773774554,71.62439024,,7.46,125
Ghana,1965,1139.535293,1.36899887,,,26.44478485,47.778,,1.95,250
Greece,1965,7549.407366,10.76801051,,,3.22087247,71.42831707,,6.41,2312
Guatemala,1965,2071.636654,4.361769315,,,-0.8,47.814,,1.48,2187
Honduras,1965,1327.81998,9.037156489,,,3.18627451,51.465,,2.1,0
Haiti,1965,1616.856302,2.161797861,,,2.263942573,45.351,,0.95,1562
Hungary,1965,,,,,,69.07121951,,7.6,250
Indonesia,1965,574.8178081,1.081589467,,,306.7631103,42.599,,2.17,5375
India,1965,322.823222,-2.63577011,,,9.474758592,44.98,,1.3,5187
Ireland,1965,,,,,4.988123515,70.695,,7.09,0
Iraq,1965,,,,,-0.455580866,56.616,,0.85,3125
Iceland,1965,,7.371729299,,,7.317069428,73.86878049,,6.56,0
Israel,1965,,9.093965599,,,7.708333264,,,8.11,125
Italy,1965,12023.41272,3.26802372,,,4.519268307,70.17170732,,5.23,0
Jamaica,1965,,,,,2.631578947,65.972,,4.4,.
Jordan,1965,,,,,,57.415,,3.0,0
Japan,1965,9319.706558,5.819707873,,,6.655990943,70.26682927,,7.48,125
Kenya,1965,761.8561928,2.009094171,,,3.578528828,51.7,,1.69,.
Cambodia,1965,,,,,,44.789,,1.46,0
Kuwait,1965,,,,,,62.219,,2.85,.
Liberia,1965,,,,,,38.812,,0.93,0
Sri Lanka,1965,671.0563375,2.536953536,,,0.222783306,62.637,,4.33,0
Luxembourg,1965,28173.26665,-0.734933604,,,3.333679329,69.02541463,,5.33,0
Morocco,1965,,,,,3.48282122,45.973,,0.71,812
Maldives,1965,,,,,,41.383,,3.66,.
Mexico,1965,5072.63136,7.099999997,,,3.568038657,58.499,,2.96,0
Mali,1965,,,,,,30.623,,0.24,0
Malta,1965,,,,,1.602218456,68.40156098,,4.86,.
Mongolia,1965,,,,,,49.619,,3.21,0
Mauritania,1965,1614.388784,16.1383305,,,,48.059,,1.52,0
Malawi,1965,287.9254959,13.61649342,,,,35.724,,1.21,.
Malaysia,1965,1545.430486,7.684863475,,,-0.105485232,60.95,,3.39,1750
Niger,1965,867.0845952,6.919761818,,,4.373757456,36.753,,0.4,0
Nicaragua,1965,2312.252303,9.525155826,,,,50.193,,2.58,0
Netherlands,1965,17423.25487,8.643094936,,,3.908037828,73.56878049,,7.31,0
Norway,1965,23074.75689,5.285608801,,,4.18722444,73.72317073,,7.86,0
Nepal,1965,331.4827022,-1.203189018,,,8.471869328,40.446,,0.27,0
New Zealand,1965,,,,,3.397489756,71.22682927,,9.97,0
Pakistan,1965,521.8020801,10.41936582,,,5.568635479,49.444,,1.39,312
Panama,1965,3478.936629,9.160036262,,,0.461613217,63.558,,4.84,437
Peru,1965,3238.783309,5.621733449,,,16.38996139,53.183,,3.7,1500
Philippines,1965,1234.291002,5.345089329,,,2.564102564,60.898,,3.93,1375
Poland,1965,,,,,,69.42926829,,6.72,0
Portugal,1965,5271.646673,7.46898853,,,3.424927777,65.96046341,,2.46,750
Paraguay,1965,1695.689752,6.167974756,,,3.859298158,61.819,,3.69,0
Romania,1965,,,,,,67.70726829,,5.59,0
Rwanda,1965,272.5155651,7.009529255,,,,48.282,,0.94,.
Saudi Arabia,1965,,,,,0.389105059,48.782,,3.05,0
Sudan,1965,1348.700562,6.777074073,,,-2.446029391,46.935,,0.59,3937
Senegal,1965,1124.694523,1.332189491,,,,39.838,,2.11,0
Singapore,1965,4214.509287,7.834260465,,,0.178611297,67.5125122,,4.36,.
Sierra Leone,1965,562.0935194,7.180155792,,,,36.363,,0.67,.
El Salvador,1965,2653.550905,,,,0.456974673,50.897,,2.36,0
Sweden,1965,20583.86673,3.821507586,,,5.012771296,73.86170732,,7.96,0
Togo,1965,666.0528801,15.45971271,,,,43.97,,0.61,0
Thailand,1965,727.2735879,8.181661538,,,0.166333998,54.712,,2.28,1250
Trinidad and Tobago,1965,5236.750084,0.693850281,,,1.781617984,64.147,,5.98,.
Tunisia,1965,1089.602213,,,,,48.428,,1.3,0
Uganda,1965,,,,,,48.24,,1.24,.
Uruguay,1965,6549.795621,1.045604054,,,56.55655656,68.294,,5.2,250
South Africa,1965,4640.319987,6.122798096,,,4.069028735,54.192,,4.45,250
Zambia,1965,1368.07826,16.64745596,,,,50.563,,2.57,.
Zimbabwe,1965,1157.207401,4.910570587,,,,55.459,,2.51,.
Afghanistan,1970,,,,,,37.418,,0.69,375
Albania,1970,,,,,,64.824,,4.28,0
Argentina,1970,9257.895572,3.045643319,,,,65.589,,6.31,17687
Australia,1970,26829.52862,7.175799265,,,3.439153439,71.01853659,,9.7,625
Austria,1970,18101.99195,6.321142632,,,4.372824416,69.91463415,,7.4,250
Burundi,1970,350.7127782,21.32567073,,,-0.199650611,43.041,,1.06,0
Belgium,1970,17849.49471,5.582858284,,,3.908472385,70.97195122,,7.66,250
Benin,1970,730.5233477,2.097757581,,,,42.189,,0.84,375
Bulgaria,1970,,,,,,71.25634146,,6.13,0
Bolivia,1970,1759.665165,5.231029301,,,3.955509211,46.597,,4.0,18000
Brazil,1970,3558.852333,10.4,,,,57.171,,3.29,7500
Barbados,1970,,,,,7.284216374,68.272,,8.31,0
Botswana,1970,782.9417105,17.12026767,,,,55.197,,2.14,0
Central African Republic,1970,574.0636177,2.332880877,,,,45.072,,0.82,0
Canada,1970,,,,,3.346039814,72.7004878,,9.14,6312
Switzerland,1970,,,,,3.615986786,73.0202439,,9.72,0
Chile,1970,4133.493945,1.82896697,,,,62.491,,6.09,11000
China,1970,283.5853563,19.3,,,,56.607,,3.82,812
Cameroon,1970,916.2852853,3.092068234,,,5.858085809,47.583,,1.81,0
Colombia,1970,2410.399192,6.207796961,,,6.908622758,61.569,,3.91,2687
Costa Rica,1970,4623.012974,7.503134343,,,4.652297493,65.361,,3.94,0
Cuba,1970,2606.719691,,,,,68.398,,5.3,2750
Cyprus,1970,,,,,2.40018825,68.927,,5.88,4312
Denmark,1970,26927.95904,1.596841805,,,6.514841417,73.34341463,,6.78,0
Algeria,1970,2483.445445,8.86265711,,,6.599999999,43.16,,1.55,0
Ecuador,1970,2810.64323,6.87192933,,,5.17127612,57.152,,4.42,6562
Spain,1970,11436.03312,4.289182957,,2002.510415,5.731144843,72.02731707,,5.59,4875
Finland,1970,17128.63075,4.813736796,,,2.740420431,70.1795122,,5.73,250
Fiji,1970,2697.40889,12.70271113,,,4.124178563,61.713,,5.57,0
France,1970,17605.63897,6.108679813,37.1,,5.299641246,71.65853659,,4.75,6687
Gabon,1970,5515.177414,8.679342176,,,3.812664908,52.555,,1.82,0
United Kingdom,1970,19284.48692,4.308885985,28.0,,6.366568417,71.97317073,,7.91,2750
Ghana,1970,1159.638305,9.723472587,,,3.030303031,47.805,,3.06,250
Greece,1970,10726.71543,8.56477754,,,2.841670679,72.77080488,,6.52,4000
Guatemala,1970,2398.718594,5.707883598,,,2.344339349,49.439,,1.72,11750
Guyana,1970,3119.135607,4.255456893,,,,60.469,,5.66,0
Honduras,1970,1423.992853,3.62672094,,,2.880886427,54.44,,2.33,250
Haiti,1970,1549.119432,0.651153708,,,1.368493407,47.337,,1.18,3687
Hungary,1970,,,,,,69.16463415,,8.08,0
Indonesia,1970,670.1360337,7.554634515,,,12.39946465,52.992,,2.84,1000
India,1970,361.4861218,5.157229737,,,5.09226162,48.241,,1.61,11000
Ireland,1970,12100.73159,,,,8.207190161,70.90156098,,7.67,1250
Iraq,1970,1289.328883,4.544357067,,,4.355595265,60.186,,1.43,3625
Iceland,1970,,,,,13.37247515,73.93390244,,7.01,0
Israel,1970,,,,,6.110742036,71.21341463,,8.66,2000
Italy,1970,15736.18363,5.268692979,,,4.968319873,71.55878049,,5.63,5000
Jamaica,1970,4812.562072,12.06440904,,,14.7280042,66.702,,4.86,0
Jordan,1970,,,,,5.899999999,59.87,,3.47,26125
Japan,1970,14114.31582,2.454958384,,,6.924173835,71.9197561,,7.83,375
Kenya,1970,824.2403319,-4.655446916,,,2.188527039,53.575,,2.17,0
Cambodia,1970,,,,,,39.129,,1.82,51625
Kuwait,1970,,,,,,66.53,,3.27,0
Liberia,1970,,,,,,40.599,,1.15,0
Sri Lanka,1970,790.7999592,3.846629857,,,5.866956078,65.267,,6.38,625
Lesotho,1970,310.2667207,2.177071169,,,,51.012,,3.55,4875
Luxembourg,1970,35513.80099,11.09445281,,,4.639353444,69.59321951,,6.21,0
Morocco,1970,1029.484741,4.713460376,,,1.279181324,48.807,,0.98,250
Maldives,1970,,,,,,45.068,,4.02,0
Mexico,1970,5835.13102,6.502484035,,,5.003412055,60.69,,3.39,250
Mali,1970,359.2371061,6.136954863,,,,32.532,,0.29,0
Malta,1970,3135.285472,,,,3.715658848,69.06556098,,5.82,250
Mongolia,1970,,,,,,52.678,,3.56,0
Mauritania,1970,1801.726935,11.98593115,,,,51.038,,1.66,0
Mauritius,1970,,,,,1.541865943,61.00036585,,4.93,0
Malawi,1970,322.7075608,0.479297978,,,,36.731,,1.57,0
Malaysia,1970,1832.258725,5.98653863,,,1.843935966,63.111,,4.2,6250
Niger,1970,734.0142362,3.055778922,,,1.117838845,36.062,,0.44,0
Nicaragua,1970,2376.803107,1.35382659,,,,54.95,,3.03,0
Netherlands,1970,21362.84766,6.140181648,,,3.668930888,73.58560976,,8.2,250
Norway,1970,26735.83041,2.344780828,,,10.63720653,74.08804878,,8.32,250
Nepal,1970,338.5348344,2.575992127,,,15.23727845,42.827,,0.5,0
New Zealand,1970,,,,,6.517181052,71.27317073,,10.93,250
Pakistan,1970,640.9175865,11.35346172,,,5.34984091,54.76,,1.58,1625
Panama,1970,4357.457066,6.959226108,,,3.083294984,65.083,,5.21,312
Peru,1970,3389.141331,3.365946003,,,5.025235901,47.16,,4.36,500
Philippines,1970,1355.372201,3.692487487,,,14.38146168,61.692,,4.71,8375
Poland,1970,,,,,,69.86829268,,7.35,2625
Portugal,1970,7658.74429,12.61260546,,,6.38014449,67.07317073,,2.93,5562
Paraguay,1970,1940.184144,5.553425733,,,-0.859556021,62.684,,4.14,250
Romania,1970,,,,,,67.48241463,,6.7,250
Rwanda,1970,337.4152395,6.001425247,,,0.514885808,47.153,,1.16,0
Saudi Arabia,1970,20457.64113,58.64733065,,,0.177777778,52.715,,3.22,0
Sudan,1970,1267.748047,5.925074716,,,4.02779565,45.534,,0.73,9000
Senegal,1970,1063.996691,8.562045515,,,2.810248199,40.825,,2.29,0
Singapore,1970,6997.199029,13.942003,,,0.463352991,68.91312195,,5.2,2750
Sierra Leone,1970,623.8725906,8.62049324,,,,38.793,,0.84,312
El Salvador,1970,2897.824941,2.977295093,,,2.817853922,51.41,,2.83,0
Sweden,1970,24388.29821,7.28920626,,,7.016358851,74.64926829,,8.45,250
Togo,1970,760.0629908,2.524302645,,,4.480620155,46.12,,0.85,1875
Thailand,1970,973.9183257,11.40794907,,,-0.088041086,57.711,,2.51,6875
Tonga,1970,,,,,,63.232,,7.09,0
Trinidad and Tobago,1970,5842.377429,3.533635678,,,2.523900574,65.057,,6.4,4125
Tunisia,1970,1206.97075,4.669631773,,,,53.87,,1.79,250
Uganda,1970,,,,,,49.616,,1.52,1000
Uruguay,1970,6896.110953,2.333213381,,,16.30614494,68.904,,5.7,5000
South Africa,1970,5115.283567,5.248661431,,,4.991877117,55.579,,4.61,1500
Zambia,1970,1258.313938,4.797112903,,,,51.493,,2.98,0
Zimbabwe,1970,1529.055965,22.56515084,,,,57.032,,3.01,3125
Afghanistan,1975,,,,,,40.1,,0.92,0
Albania,1975,,,,,,68.328,,5.35,0
United Arab Emirates,1975,105688.0871,,,,,65.08,,2.99,0
Argentina,1975,9935.938635,-0.028412104,,,,67.081,,6.85,8937
Australia,1975,28257.95551,1.336442809,,,15.16245487,72.62536585,,10.52,500
Austria,1975,21629.0463,-0.363735434,,,8.445258639,71.11463415,,7.7,0
Burundi,1975,336.2171918,0.697920236,,,15.7098746,42.982,,1.28,0
Belgium,1975,20997.20683,-1.965941566,,,12.76819859,71.97121951,,8.03,0
Benin,1975,698.4851507,-4.895345447,,,,44.681,,0.94,1875
Bangladesh,1975,388.8845857,-4.088214092,,,,50.292,,1.57,3937
Bulgaria,1975,,,,,,71.0497561,,7.07,0
Bahrain,1975,,,,,16.15978212,68.466,,4.02,0
Bolivia,1975,2085.031682,7.311017731,,,7.976746025,48.826,,4.6,250
Brazil,1975,5097.708332,5.166649084,,,,59.353,,2.9,0
Barbados,1975,11321.75328,-1.900000001,,,20.29446876,69.921,,7.65,0
Botswana,1975,1449.496291,8.446250381,,,11.97475502,57.998,,2.74,0
Central African Republic,1975,571.6697629,0.404987104,,,,47.913,,1.15,0
Canada,1975,,,34.1,,10.6721886,73.52170732,,9.7,250
Switzerland,1975,,,,,6.696595225,74.66560976,,10.34,0
Chile,1975,3499.085565,-12.91210105,,,374.7352742,66.279,,6.57,312
China,1975,337.344119,8.719999998,,,,60.917,,4.48,750
Cameroon,1975,1102.132116,11.24505878,,,13.55332941,49.718,,2.42,0
Colombia,1975,2836.5515,2.323255281,,,23.43750257,64.27,,4.36,2000
Costa Rica,1975,5446.368574,2.100071049,,,17.36920202,69.4,,5.15,0
Cuba,1975,3163.012111,9.476426069,,,,71.079,,6.23,0
Cyprus,1975,6172.914551,,,,4.63948584,70.518,,6.68,125
Denmark,1975,28480.35548,-1.456644936,,,9.605612075,74.07512195,,7.46,0
Algeria,1975,2885.756037,5.045341613,,,8.230316653,46.972,,2.11,250
Ecuador,1975,3832.383151,10.972154,,,14.28967429,60.232,,4.92,1875
Spain,1975,14009.77548,0.542203214,,,16.95328593,73.31878049,,5.91,5500
Finland,1975,20764.33697,1.804898277,,,17.81139723,71.67365854,,6.74,250
Fiji,1975,3269.263393,0.530211189,,,13.06488098,61.852,,6.25,0
France,1975,20498.34808,-0.959884746,35.9,,11.68592725,72.85365854,,5.76,2812
Gabon,1975,11165.45181,19.19011491,,,28.45294264,55.035,,2.6,0
United Kingdom,1975,21098.37436,-1.473649486,27.9,,24.20728767,72.72439024,,8.25,3437
Ghana,1975,994.1550192,-12.43162902,,,29.8245614,49.246,,3.86,0
Greece,1975,13323.56426,6.366808843,,,13.62876178,73.37636585,,6.79,2750
Guatemala,1975,2800.958259,1.949990822,,,13.15924438,54.824,,2.01,0
Guyana,1975,3479.407198,8.483021514,,,,60.819,,6.04,0
Honduras,1975,1467.559857,2.130681763,,,8.376162506,57.548,,2.64,3250
Haiti,1975,1704.787037,1.122754491,,,16.77357032,48.681,,1.5,0
Hungary,1975,,,,,3.842159918,69.29,,8.57,0
Indonesia,1975,825.3391251,5.607476636,,,19.16569713,55.968,,3.19,0
India,1975,372.7127029,9.149912016,,,5.748430298,50.812,,2.01,3125
Ireland,1975,14260.78132,5.656644723,,,20.87585034,71.75304878,,8.42,0
Iraq,1975,1623.35928,12.49066468,,,9.517177344,61.464,,1.97,3125
Iceland,1975,,,,,49.36133823,75.57878049,,7.43,0
Israel,1975,,,,,39.30673102,72.04512195,,9.56,0
Italy,1975,17846.97455,-2.090162915,,,16.95050257,72.64731707,,6.16,4500
Jamaica,1975,4875.879419,-0.256092257,,,17.37614679,68.048,,5.42,0
Jordan,1975,,,,,11.97982346,63.961,,4.01,0
Japan,1975,16333.67482,3.091575916,,,11.73126615,74.24707317,,8.38,562
Kenya,1975,1101.576565,0.882203175,,,19.12018401,55.826,,2.66,1312
Cambodia,1975,,,,,,11.995,,2.2,3375
Kuwait,1975,,,,,8.392370572,67.892,,3.51,0
Liberia,1975,,,,,,42.774,,1.66,0
Sri Lanka,1975,853.5598006,6.126233161,,,6.625992553,66.237,,6.72,312
Lesotho,1975,332.3169723,-13.51349756,,,14.21193968,52.987,,3.91,0
Luxembourg,1975,38729.56046,-6.571372925,,,10.71767113,70.29860976,,7.92,0
Morocco,1975,1156.069336,7.558221561,,,7.918289267,51.244,,1.35,0
Maldives,1975,,,,,,50.519,,4.3,1875
Mexico,1975,6773.990303,5.744485049,,,14.94453464,62.81,,4.09,1687
Mali,1975,388.7285696,11.62504914,,,,36.225,,0.45,0
Malta,1975,4634.093261,19.56008086,,,8.791666666,71.53163415,,6.57,0
Mongolia,1975,,,,,,55.65,,5.65,0
Mozambique,1975,,,,,,42.582,,0.95,3375
Mauritania,1975,1593.355985,-5.134374447,,,,52.65,,1.83,0
Mauritius,1975,,,,,14.73832327,62.35580488,,5.09,0
Malawi,1975,405.8694051,6.086823806,,,,40.222,,1.86,0
Malaysia,1975,2386.13883,0.801068092,,,4.487722269,65.712,,4.82,1562
Niger,1975,564.2901321,-2.793193436,,,9.115802051,36.588,,0.52,0
Nicaragua,1975,2605.505218,-0.153246894,,,,56.036,,3.32,1250
Netherlands,1975,24009.75801,0.002028862,,,10.21747579,74.49878049,,8.93,0
Norway,1975,32814.91571,4.95210308,,,11.68922348,74.81756098,,8.54,0
Nepal,1975,332.4547424,1.456470709,,,7.585985214,45.04,,0.72,0
New Zealand,1975,,,,,14.68498347,72.2195122,,11.71,0
Pakistan,1975,652.6603355,4.211415631,,,20.90450946,55.905,,1.88,625
Panama,1975,4794.535852,1.74091944,,,5.881041307,68.079,,5.89,125
Peru,1975,3906.306872,4.300863165,,,23.6187353,57.905,,5.32,3000
Philippines,1975,1577.253812,5.45110287,,,6.761402705,61.704,,5.49,3812
Papua New Guinea,1975,2212.994687,-0.879884165,,,10.49099258,55.039,,1.7,.
Poland,1975,,,,,2.25631769,70.56097561,,7.91,0
Portugal,1975,9059.007114,-4.347630545,,,15.27168575,68.3097561,,3.8,6312
Paraguay,1975,2407.522054,6.852444714,,,6.693060084,63.445,,4.68,0
Qatar,1975,,,,,,69.008,,4.27,0
Romania,1975,,,,,,69.61390244,,7.66,0
Rwanda,1975,303.3373942,-2.113825424,,,30.22604657,44.698,,1.44,0
Saudi Arabia,1975,30798.99802,-8.928614314,,,34.57610634,58.068,,3.73,312
Sudan,1975,1358.643677,15.71346645,,,23.96304764,53.377,,0.96,1875
Senegal,1975,1034.713392,7.535662599,,,31.65342332,44.099,,2.45,0
Singapore,1975,9974.220918,3.988738626,,,2.536531569,70.78343902,,5.07,0
Sierra Leone,1975,637.2118172,1.669216524,,,,41.173,,1.1,0
El Salvador,1975,3223.248693,2.923531889,,,19.08849965,54.875,,3.24,312
Sweden,1975,27202.34389,2.552862643,24.3,,9.779873988,74.98463415,,9.24,0
Togo,1975,798.6720683,2.440541184,,,18.0121995,48.729,,1.82,0
Thailand,1975,1126.707397,4.970405228,,,5.330097087,61.272,,3.01,2625
Tonga,1975,,,,,,64.844,,7.67,0
Trinidad and Tobago,1975,6273.725024,1.477965371,,,16.97906047,66.786,,6.93,0
Tunisia,1975,1581.540827,7.156099909,,,,59.468,,2.45,0
Uganda,1975,,,,,,46.267,,1.93,0
Uruguay,1975,7219.41108,6.096914313,,,81.40538401,69.335,,6.16,0
South Africa,1975,5309.53323,1.695433779,,,13.42594187,57.512,,4.83,2062
Zambia,1975,1228.056966,-2.269328924,,,,54.239,,3.65,0
Zimbabwe,1975,1651.778658,-1.931223239,,,,57.552,,3.45,2437
Afghanistan,1980,,,,,,39.618,,1.22,4562
Albania,1980,1740.505838,,,,,70.478,,6.39,0
United Arab Emirates,1980,118141.5296,23.87477491,,,,68.53,,3.89,125
Argentina,1980,10270.95612,1.51878395,40.8,,,68.564,,7.3,0
Australia,1980,30717.75614,3.035697656,,,10.13584117,74.33365854,,11.2,0
Austria,1980,25520.74056,1.731485595,,,6.328325362,72.46341463,,7.89,250
Burundi,1980,357.6831341,0.991055725,,,2.4985195,45.406,,1.45,0
Belgium,1980,24393.29818,4.444053876,,,6.648688297,73.20707317,,8.5,500
Benin,1980,750.9600069,6.781763868,,,,47.877,,1.22,0
Bangladesh,1980,424.8097167,0.819141869,,,,51.85,,2.25,1250
Bulgaria,1980,3431.521297,,,,,71.15756098,,7.84,0
Bahrain,1980,21290.94332,,,,3.869525059,70.826,,4.93,0
Bolivia,1980,2062.969046,-1.371772911,,,47.2416501,51.181,,5.48,2937
Brazil,1980,6415.637813,9.2,,,,61.781,,3.04,0
Barbados,1980,14092.7504,4.373064814,,,14.43051972,71.921,,7.31,0
Botswana,1980,2000.663608,11.98690139,,,13.63242515,60.646,,3.12,0
Central African Republic,1980,557.8779777,-4.478638848,,,,49.889,,1.66,0
Canada,1980,,,,,10.12922051,75.10219512,,10.15,0
Switzerland,1980,59771.44922,,,,4.022500848,75.45926829,,11.06,312
Chile,1980,4693.440823,7.986620757,,,35.13834053,68.84,,6.95,625
China,1980,430.8554098,7.834145016,,,,64.42,,5.31,250
Cameroon,1980,1304.507919,-1.965291668,,,9.551754276,51.041,,3.04,0
Colombia,1980,3291.47155,4.087353676,,,26.55265315,66.868,,4.89,1875
Costa Rica,1980,6150.928664,0.751895403,,,18.1351708,72.899,,6.11,0
Cuba,1980,3605.158775,-4.849442951,,,,72.752,,8.06,0
Cyprus,1980,10667.1416,5.753244702,,,13.51756058,71.95,,7.5,0
Denmark,1980,32073.64132,-0.482986337,,,12.30532408,74.10170732,,8.14,0
Algeria,1980,3268.442983,0.790606972,,,9.517824498,53.261,,2.81,0
Ecuador,1980,4153.604764,3.708682969,,,11.90928938,63.191,,6.15,0
Spain,1980,14727.28352,2.208728107,34.5,,15.5619021,75.34926829,,6.81,2875
Finland,1980,23921.61452,5.38904788,,,11.59461925,73.44,,7.56,0
Fiji,1980,3574.119771,-1.603456935,,,14.49287441,62.734,,7.04,0
France,1980,23618.39962,1.57874526,,,13.56257885,74.05121951,,5.96,0
Gabon,1980,9174.080738,2.552937158,,,12.34035926,57.454,,3.31,0
United Kingdom,1980,23524.83697,-2.03136782,28.5,,17.96592427,73.67560976,,8.41,1562
Ghana,1980,896.7450472,0.471695943,,,50.07013934,51.117,,4.53,0
Greece,1980,15332.89431,0.677131487,,,24.67589397,74.54626829,,7.1,625
Guatemala,1980,3291.730582,3.75997816,,,10.82384323,56.024,,2.86,10625
Guyana,1980,3231.776126,1.733889727,,,,61.229,,6.49,1062
Honduras,1980,1723.831533,0.599354053,,,18.06154304,60.485,,3.62,0
Haiti,1980,2134.257107,7.374687919,,,17.77830525,49.902,,1.99,750
Hungary,1980,,,,,9.285857439,69.06170732,,9.0,0
Indonesia,1980,1067.172024,10.0,,,18.03543016,58.754,,3.63,1562
India,1980,388.8227791,6.735821529,,,11.34607348,53.611,,2.34,7125
Ireland,1980,16653.59115,3.079329065,,,18.1544433,72.59541463,,9.26,0
Iraq,1980,2911.17326,24.75372685,,,,61.5,,2.74,0
Iceland,1980,,,,,58.52842609,76.84658537,,7.88,0
Israel,1980,,,,,131.0249955,73.87560976,,10.27,750
Italy,1980,21795.25452,3.430016414,,,21.06416828,73.94317073,,6.71,1937
Jamaica,1980,3875.329165,-5.714159246,,,27.30815899,69.435,,6.08,1250
Jordan,1980,4311.989153,11.18484646,,,11.11111111,66.259,,4.55,0
Japan,1980,19334.37474,2.817591208,,,7.778581766,75.98902439,,9.1,125
Kenya,1980,1261.994632,5.591976206,,,13.85818146,58.501,,3.41,0
Cambodia,1980,,,,,,47.57,,2.54,3125
Kuwait,1980,,,,,6.928226686,70.341,,4.61,0
Liberia,1980,,,,,,44.631,,2.2,4750
Sri Lanka,1980,1008.529181,5.846026516,,,26.1454101,68.661,,6.96,0
Lesotho,1980,459.8253279,-2.74477924,,,16.27484162,56.058,,4.3,0
Luxembourg,1980,42705.33854,0.840882984,,,6.299900062,72.20680488,,8.22,0
Morocco,1980,1325.49353,3.642164813,,,9.408379474,55.219,,1.76,0
Maldives,1980,,,,,,55.621,,4.54,1875
Mexico,1980,8240.716123,8.756622426,,,26.35165136,64.703,,4.9,0
Mali,1980,443.4259655,-4.325839869,,,,40.751,,0.62,2937
Malta,1980,7684.722659,7.049711215,,,15.7472541,72.039,,7.21,0
Mongolia,1980,,,,,,55.64,,6.35,0
Mozambique,1980,249.8623206,,,,,42.801,,1.12,3125
Mauritania,1980,1581.045137,3.371210219,,,,55.061,,2.13,1875
Mauritius,1980,2327.601068,-10.0612585,,,41.99951439,65.8164878,,5.36,0
Malawi,1980,433.38791,0.406746413,,,,45.094,,2.34,0
Malaysia,1980,3159.742559,7.441826779,,,6.674919535,68.245,,5.76,0
Namibia,1980,3563.279243,,,,,56.775,,5.02,.
Niger,1980,628.0315773,-2.455036129,,,10.30527571,39.678,,0.65,0
Nicaragua,1980,1821.469807,4.61173228,,,,57.914,,3.75,250
Netherlands,1980,26365.67196,1.341914136,,,6.513455455,75.74317073,,9.46,125
Norway,1980,40217.74817,4.564242989,,,10.87866109,75.67170732,,8.96,0
Nepal,1980,333.205046,-2.319394205,,,14.68450278,47.889,,0.99,312
New Zealand,1980,23376.87201,1.284252173,,,17.15054542,72.82926829,,11.59,250
Pakistan,1980,744.8645744,10.21570404,,,11.93823091,57.606,,2.15,437
Panama,1980,5668.596845,13.08448173,,,13.80790191,69.254,,6.66,250
Peru,1980,3768.898142,5.943335398,,,59.14507124,59.589,,6.1,0
Philippines,1980,1853.073579,5.200711079,,,18.20051049,62.499,,6.21,2062
Papua New Guinea,1980,2095.466105,-2.303451201,,,12.06434316,57.435,,2.11,0
Poland,1980,,,,,9.682713348,70.09756098,,8.07,500
Portugal,1980,10816.95181,4.589339924,,,15.86748038,71.21463415,,4.65,250
Paraguay,1980,3562.600626,11.71214594,,,22.44733014,64.749,,5.2,0
Qatar,1980,,,,,6.799999999,70.801,,4.75,0
Romania,1980,,,,,,69.09097561,,8.21,0
Rwanda,1980,423.28705,8.95161233,,,7.249392993,47.963,,1.69,1875
Saudi Arabia,1980,33816.05061,5.652457601,,,4.169266554,62.698,,4.26,0
Sudan,1980,1260.146851,1.524310148,,,25.35236901,53.934,,1.27,0
Senegal,1980,1037.323898,3.987761972,,,8.729027661,49.142,,2.49,0
Singapore,1980,13953.89017,10.11337211,,,8.526943194,72.1902439,,5.26,0
Sierra Leone,1980,646.2485191,4.843503756,,,,43.13,,1.4,0
El Salvador,1980,2776.58408,-15.83686429,,,17.36696826,47.975,,3.59,14187
Sweden,1980,28654.97106,1.699971439,,,13.70632236,75.74097561,,9.86,250
Togo,1980,892.7560032,14.57695611,,,12.30685721,51.227,,2.8,0
Thailand,1980,1479.244582,5.173541006,,,19.70350052,64.012,,3.64,250
Tonga,1980,,,,,22.39338892,65.961,,8.01,0
Trinidad and Tobago,1980,8565.305659,10.39081014,,,17.47030428,67.572,,7.48,250
Tunisia,1980,1885.339084,7.418739595,,,,63.975,,3.25,0
Uganda,1980,,,,,,42.949,,2.29,2125
Uruguay,1980,8767.217258,5.843400901,,,63.47583043,70.582,,6.7,0
South Africa,1980,5409.676518,6.620583427,,,13.66024069,59.813,,5.11,6875
Zambia,1980,1078.246126,3.035622351,,,,54.143,,4.17,1875
Zimbabwe,1980,1537.130656,14.42068391,,,,58.674,,3.89,2812
Afghanistan,1985,,,,,,33.55,,1.57,3125
Albania,1985,1735.290312,1.780643959,,,,71.656,,7.78,0
United Arab Emirates,1985,80981.75348,-3.594476517,,,,70.747,,4.9,0
Argentina,1985,8987.933706,-5.189024353,,,,69.651,,7.85,250
Australia,1985,32860.65131,5.278528457,32.5,,6.734693878,75.62926829,,11.2,0
Austria,1985,27395.87265,2.498678497,,,3.189516818,73.81463415,,8.11,0
Burundi,1985,401.7672068,11.78318018,,,3.804286836,48.541,,1.54,0
Belgium,1985,25569.48933,1.651792899,25.2,,4.868733995,74.5202439,,8.97,375
Benin,1985,812.9483203,7.530324838,,,,50.374,,1.71,0
Bangladesh,1985,457.8429587,3.342014654,26.9,,,53.897,,2.82,687
Bulgaria,1985,4000.492544,2.683440741,,,,71.22804878,,8.55,0
Bahrain,1985,16549.30854,-4.758268538,,,-2.635969303,72.106,,5.65,0
Belize,1985,2921.91687,1.012513914,,,6.237166118,69.462,,7.91,0
Bolivia,1985,1680.794018,-1.676389781,,,11749.63963,53.446,,6.38,1437
Brazil,1985,6110.358401,7.85,55.6,,225.9896652,64.198,,3.94,0
Barbados,1985,13606.77057,1.098239807,,,3.915105251,72.495,,7.98,0
Botswana,1985,2654.135854,7.125271268,54.2,,8.0945758,62.626,,5.29,0
Central African Republic,1985,585.0904821,3.927219538,,,10.42384023,50.518,,2.06,0
Canada,1985,29868.59147,4.737399892,33.2,,3.962030541,76.32731707,,9.94,0
Switzerland,1985,62910.65814,3.673595873,,,3.435399353,76.73365854,,10.31,0
Chile,1985,4257.652248,4.009916203,,,30.70349891,71.176,,7.65,3937
China,1985,667.1285419,13.43067752,,,,66.643,,5.72,125
Cameroon,1985,1771.165361,8.063161671,,,8.508374344,53.899,,3.7,0
Colombia,1985,3283.229428,3.107106196,,,24.09017437,66.276,,5.49,1250
Costa Rica,1985,5434.231851,0.721601729,,,15.05741964,75.111,,6.7,0
Cuba,1985,5250.365688,1.596674598,,,,73.605,,8.09,0
Cyprus,1985,13126.66895,4.882540773,,,5.034453664,72.647,,8.44,125
Denmark,1985,36783.94104,4.003751815,,,4.678751452,74.42756098,,8.77,250
Algeria,1985,3500.417046,3.699997255,,,10.48228704,63.588,,3.99,0
Ecuador,1985,4124.898911,3.935001412,,,27.99361074,65.811,,6.56,0
Spain,1985,15381.84457,2.321435946,34.4,,8.814455067,76.2595122,,6.89,1375
Finland,1985,26857.59364,3.548896587,,,5.195621954,74.22292683,,7.44,0
Fiji,1985,3143.840704,-4.613474868,,,4.420972396,64.526,,7.62,0
France,1985,24870.50582,1.622781367,,,5.831099739,75.3,,6.91,750
Gabon,1985,9061.080192,-2.332949333,,,7.354925776,59.311,,4.3,0
United Kingdom,1985,26315.12865,4.14741495,30.4,,6.07139434,74.62926829,,8.68,1937
Ghana,1985,762.8190667,5.091617272,,,10.30544067,52.416,,5.2,0
Greece,1985,14984.03162,2.509556515,,,19.31469294,76.08290244,,7.89,937
Guatemala,1985,2718.251753,-0.609338956,,,18.6867913,60.203,,3.16,2000
Guyana,1985,2599.473246,2.399667458,,,,61.66,,6.87,0
Honduras,1985,1627.072074,5.626234849,,,3.362675236,62.996,,4.49,1562
Haiti,1985,1840.71117,0.603631294,,,10.64883901,51.523,,2.94,250
Hungary,1985,,,,,6.942345019,68.97219512,,8.99,0
Indonesia,1985,1202.353391,2.463054187,,,4.724536157,61.307,,3.86,0
India,1985,446.5773324,5.254299223,,,5.556424232,56.334,,2.89,10187
Ireland,1985,18218.35017,3.085615629,,,5.395497315,73.62190244,,9.97,0
Iraq,1985,2250.769305,1.453896262,,,,60.68,,3.73,0
Iceland,1985,,,,,31.99462902,77.60243902,,8.33,0
Israel,1985,,,,,309.9316992,75.20731707,,10.49,750
Italy,1985,23626.74927,2.798085767,,,9.205991443,75.47073171,,7.18,875
Jamaica,1985,3683.772152,-2.943635575,,,25.67310124,70.52,,6.63,625
Jordan,1985,4322.914259,-2.706947165,,,2.985074627,68.26,,5.68,0
Japan,1985,22898.99424,5.159807905,,,2.032277346,77.5604878,,9.63,0
Kenya,1985,1189.409306,4.300561819,,,13.00656642,60.58,,4.13,0
Cambodia,1985,,,,,,51.041,,2.8,1562
Kuwait,1985,,,,,1.490321814,73.074,,5.54,0
Liberia,1985,,,,,,44.664,,2.69,2187
Sri Lanka,1985,1192.416567,4.999406369,32.5,,1.481180122,70.969,,7.62,1250
Lesotho,1985,465.0916801,2.61024933,,,13.32082552,59.104,,4.64,0
Luxembourg,1985,47945.84837,2.791704465,26.3,,4.093587785,73.53419512,,8.5,0
Morocco,1985,1428.868896,6.007652072,,,7.728638901,59.286,,2.29,0
Maldives,1985,,,,,,59.749,,4.82,0
Mexico,1985,8212.921774,1.919215786,,,57.7484484,67.874,,5.77,312
Mali,1985,458.4617586,20.28663494,,,,43.207,,0.78,0
Malta,1985,7865.528452,2.585279666,,,-0.23520746,73.06368293,,8.04,0
Mongolia,1985,1661.736089,5.712872261,,,,56.841,,7.02,0
Mozambique,1985,175.0253574,0.999996721,,,,38.657,,1.17,3125
Mauritania,1985,1424.966417,2.994760504,,,,57.575,,2.43,0
Mauritius,1985,2766.590287,6.954475462,,,6.698703947,67.49063415,,5.86,0
Malawi,1985,395.1817312,4.570982013,,,10.51897599,44.947,,2.65,0
Malaysia,1985,3548.788587,-1.025250253,,,0.346458791,70.318,,6.72,0
Namibia,1985,3147.809821,0.464171262,,,,59.041,,5.62,3125
Niger,1985,473.8835086,7.71812745,,,-0.923399124,40.031,,0.83,0
Nicaragua,1985,1650.419836,-4.081851487,,,,56.501,,4.1,3125
Netherlands,1985,27220.21944,2.580179771,,,2.25858443,76.28463415,,9.92,0
Norway,1985,46901.32429,5.553404923,,,5.71485464,75.91682927,,9.69,0
Nepal,1985,376.3712943,6.144905237,,,8.052641266,50.882,,1.76,250
New Zealand,1985,26087.50697,1.61533455,,,15.41765557,73.82926829,,11.71,0
Pakistan,1985,858.1367285,7.592114699,,,5.614839218,59.363,,2.51,1312
Panama,1985,5980.010557,4.942233652,,,1.026619893,70.732,,7.34,125
Peru,1985,3331.143741,2.061132066,,,163.3995052,61.292,,6.62,1500
Philippines,1985,1548.896509,-6.858377209,,,23.10310718,63.505,,6.58,4250
Papua New Guinea,1985,2020.23212,4.000190344,,,3.71040724,58.866,,2.61,0
Poland,1985,,,,,11.52126074,70.54878049,,8.5,0
Portugal,1985,11015.09312,2.807438851,,,19.46141001,72.81463415,,5.42,250
Paraguay,1985,3479.869123,4.523135678,,,25.21071644,66.315,,5.8,0
Qatar,1985,,,,,1.912568307,72.381,,5.18,0
Romania,1985,,,,,,69.70682927,,8.78,0
Rwanda,1985,403.1338548,4.402748333,,,1.759330057,51.734,,1.88,0
Saudi Arabia,1985,15568.1731,-9.794502265,,,-3.058768729,66.33,,5.17,0
Sudan,1985,1122.722046,-6.281043581,,,45.40750323,46.458,,1.71,6937
Senegal,1985,1045.90769,3.463084465,,,13.00005762,52.758,,2.43,0
Singapore,1985,17149.3155,-0.62270165,,,0.480122911,73.8902439,,5.97,0
Sierra Leone,1985,603.7439331,-5.311340498,,,,43.888,,1.75,0
El Salvador,1985,2347.620332,0.614316239,,,22.32837506,57.025,,4.25,4375
Sweden,1985,31472.59161,2.160373746,,,7.372574581,76.66780488,,10.2,0
Togo,1985,746.0593946,5.555552164,,,-1.814414382,53.432,,3.42,0
Thailand,1985,1743.384392,4.647240357,,,2.431731234,67.587,,4.15,3125
Tonga,1985,2651.413985,6.55846346,,,16.765,66.626,,7.98,0
Trinidad and Tobago,1985,7084.705266,-4.119419554,,,7.622574055,67.543,,7.98,0
Tunisia,1985,2036.998614,5.648573237,43.4,,7.2543618,67.589,,3.7,0
Uganda,1985,337.655563,-3.306380007,,,,45.381,,2.86,3125
Uruguay,1985,7063.189637,1.466536029,,,72.22256443,72.123,,7.24,0
South Africa,1985,5050.868355,-1.211540882,,,16.29422694,62.38,,5.11,10437
Zambia,1985,944.9781252,1.615310368,,,,51.902,,4.61,0
Zimbabwe,1985,1534.681701,6.944387768,,,,61.624,,4.67,1250
Afghanistan,1990,,,,,,45.967,,1.87,5250
Albania,1990,1606.296468,-9.57564017,,,,73.144,,8.5,2375
United Arab Emirates,1990,66911.08935,18.32798553,,,,71.9,,6.11,0
Argentina,1990,8144.494294,-2.467213778,,,,71.784,,8.37,1500
Australia,1990,36887.25166,3.57912305,,12.22772705,7.333021952,76.99463415,,11.18,0
Austria,1990,31340.68129,4.345641399,,,3.261872319,75.56829268,,8.36,125
Burundi,1990,435.070943,3.499822136,,,7.002169567,44.86,,1.74,0
Belgium,1990,29441.66215,3.137402316,,,3.44831218,76.05195122,,9.43,312
Benin,1990,771.075864,8.97613436,,,,53.292,,2.16,562
Bangladesh,1990,493.0950726,5.622258162,,,6.12671847,55.989,,3.13,1125
Bulgaria,1990,4431.028876,-9.117377096,,,23.8,71.64146341,,8.42,3437
Bahrain,1990,17405.8852,4.437997176,,8.727364185,0.929335437,72.668,,6.54,0
Belize,1990,4112.335135,9.474652017,,21.24223864,3.05907173,70.744,,8.76,0
Bolivia,1990,1687.442724,4.635787428,,,17.1187746,56.422,,7.26,250
Brazil,1990,6086.077553,-4.35,60.5,,2947.732772,65.985,,4.69,625
Barbados,1990,15156.21212,-3.307593308,,,3.074572711,72.752,,8.45,0
Botswana,1990,3931.730226,6.772821949,,11.37110325,11.39634612,60.533,,6.86,0
Central African Republic,1990,531.3860052,-2.147528066,,,-0.012330456,49.635,,2.67,0
Canada,1990,31707.4817,0.164672497,31.4,,4.780476933,77.43658537,,10.33,1187
Switzerland,1990,70063.85169,3.674625593,,12.32532176,5.403959092,77.24243902,,10.01,0
Chile,1990,5380.317901,3.333565474,57.2,,26.03648114,72.574,,8.36,2187
China,1990,905.0324572,3.920251368,32.2,,3.052290121,68.005,,6.04,2125
Cameroon,1990,1348.73035,-6.105697646,,35.6686948,1.099381284,54.868,,4.37,125
Colombia,1990,3695.805804,4.281998331,,,29.1520246,68.644,,5.99,7187
Costa Rica,1990,5967.190942,3.553063366,45.3,,19.03975266,76.63,,7.11,125
Cuba,1990,4963.847383,-2.948564945,,,,74.039,,8.54,0
Cyprus,1990,17143.34766,7.403999507,,86.61874584,4.502054629,73.539,,9.14,0
Germany,1990,29485.70997,5.255006083,,20.93058961,2.696468243,75.08563415,,8.6,0
Denmark,1990,39295.24344,1.475244277,,,2.641603064,74.80536585,,9.35,0
Algeria,1990,3153.47583,0.80000058,,,16.65253439,67.416,,4.74,0
Ecuador,1990,4180.338333,3.679914053,,,48.519113,69.348,,7.0,1875
Spain,1990,18969.80864,3.781393555,32.0,35.13232241,6.721819522,76.83756098,,7.02,312
Finland,1990,31279.95197,0.670275844,,10.47561955,6.149565312,74.81317073,,7.55,0
Fiji,1990,3383.821623,5.80000272,,,8.19137132,65.508,,9.07,375
France,1990,28617.44357,2.923935081,32.1,,3.19428338,76.6,,7.65,875
Gabon,1990,8360.263031,5.192237277,,,7.725321888,60.311,,5.25,1625
United Kingdom,1990,30874.50893,0.733755496,35.7,30.20337095,8.063460909,75.8804878,,9.1,4250
Ghana,1990,852.4215567,3.328817883,,,37.25906649,55.62,,5.65,0
Greece,1990,15525.7741,0.0,,,20.43349911,76.93902439,,8.58,2000
Guatemala,1990,2733.861238,3.102563176,,24.48068514,41.22186714,62.473,,3.53,6250
Guyana,1990,2386.057159,-3.067484664,,,,62.415,,7.09,0
Honduras,1990,1704.928897,2.79174895,57.4,,23.32256644,65.243,,4.89,3187
Haiti,1990,1610.654941,1.038122802,,,21.27603201,52.975,,3.43,1062
Hungary,1990,,,,,28.36959965,69.31560976,,8.79,250
Indonesia,1990,1483.638032,7.224334601,32.3,45.74145233,7.819191447,63.181,,4.18,3125
India,1990,534.4840996,5.533454561,,50.78325379,8.971232503,58.652,,3.45,11875
Ireland,1990,23085.21414,8.466527782,,,3.317321299,74.84607317,,10.12,0
Iraq,1990,3511.166527,57.81782834,,,,58.435,,4.58,250
Iceland,1990,,,,29.91436565,15.51072199,78.03634146,,8.78,0
Israel,1990,,,,,17.18589524,76.60731707,,10.83,5125
Italy,1990,27490.63204,1.985774943,,,6.456609061,76.97073171,,7.7,625
Jamaica,1990,4503.50415,4.200535115,41.1,138.7413276,21.96017512,72.304,,7.15,0
Jordan,1990,3332.360172,-0.275903906,,128.7946833,16.19213756,69.854,,6.61,0
Japan,1990,28422.21312,4.840929057,,52.01269209,3.078516287,78.83707317,,9.82,312
Kenya,1990,1313.859163,4.192050972,,,17.78181443,58.614,,4.78,1437
Cambodia,1990,,,,,,55.434,,3.09,3875
Kuwait,1990,,,,,9.833635315,73.281,,5.92,250
Liberia,1990,,,,,,36.688,,3.02,4562
Sri Lanka,1990,1320.637354,6.399995311,32.4,96.58062551,21.49525205,71.927,,8.51,3125
Lesotho,1990,536.9997295,6.045473329,,,11.634757,59.398,,5.12,2375
Luxembourg,1990,66027.0758,5.319931127,27.7,2.520160788,3.253766591,75.43831707,,8.91,0
Morocco,1990,1682.328125,3.411812226,39.2,87.19675998,6.782594015,62.448,,2.86,875
Maldives,1990,,,,30.78233776,3.649911977,63.578,,4.43,0
Mexico,1990,8145.016153,5.250043299,,46.62685739,26.65167256,69.971,,6.47,312
Mali,1990,469.4024926,-2.502395103,,,0.606339704,46.62,,0.89,0
Malta,1990,10074.3091,6.291390958,,46.91169936,2.983405861,75.87997561,,8.73,0
Mongolia,1990,1770.541044,-3.184460178,,,,58.765,,7.76,875
Mozambique,1990,217.5775535,0.999992835,,,,44.469,,1.0,3125
Mauritania,1990,1398.941059,-1.771304533,,,6.600225649,59.77,,2.76,0
Mauritius,1990,3810.480833,7.186736771,,39.65035497,13.48808879,69.40487805,,6.49,0
Malawi,1990,354.000744,5.692294634,,,11.82353805,43.323,,2.9,0
Malaysia,1990,4260.279935,9.008527138,,79.53661793,2.617801047,71.307,,6.97,0
Namibia,1990,2857.947224,2.04745994,,,,62.496,,6.15,0
Niger,1990,461.2155281,-1.308478285,,,-0.775653011,41.852,,1.04,437
Nicaragua,1990,1241.396223,-0.052499721,,,,63.096,,4.49,4187
Netherlands,1990,31106.05196,4.183222986,31.1,54.80317756,2.454091848,76.87804878,,10.28,0
Norway,1990,49937.45578,1.932291328,,19.84701165,4.131033483,76.53731707,,10.28,0
Nepal,1990,420.7431199,4.635036347,,52.62058095,8.239700375,54.833,,2.49,4562
New Zealand,1990,26371.00332,0.153140526,,,6.098444148,75.37804878,,11.62,0
Pakistan,1990,956.9938447,4.458586815,33.2,78.77253509,9.052131553,60.066,,2.92,2500
Panama,1990,5186.250569,8.098993006,,,0.769485355,71.097,,7.65,2125
Peru,1990,2695.373504,-4.982563536,,189.2462856,7481.663611,65.106,,7.23,5562
Philippines,1990,1739.945187,3.082672529,,45.00767451,12.17735221,65.909,,7.1,8500
Papua New Guinea,1990,1907.733734,-3.012169222,,48.95325401,6.953361599,59.721,,3.05,1875
Poland,1990,5111.34533,,,,567.8788007,70.8902439,,9.06,500
Portugal,1990,14572.28838,3.950522763,,,13.63057057,73.96585366,,6.0,312
Paraguay,1990,4036.32209,4.123282879,40.8,,37.25995618,67.944,,6.11,125
Qatar,1990,,,,,3.000968054,73.982,,5.58,0
Romania,1990,5017.16139,,,,,69.74121951,,9.32,3250
Rwanda,1990,371.0410707,-2.399291098,,49.79692027,4.185763726,48.431,,2.18,1875
Saudi Arabia,1990,17758.83504,15.19342589,,,2.077151335,68.948,,5.84,0
Sudan,1990,1300.544556,-5.470053776,,,65.158098,49.732,,2.15,3125
Senegal,1990,1015.037107,-0.746282224,,,0.32509863,56.948,,2.33,0
Singapore,1990,23272.70009,9.820899557,,77.85531186,3.460753387,75.29512195,,6.66,0
Sierra Leone,1990,549.5748054,3.349997984,,,,44.057,,2.09,0
El Salvador,1990,2362.444301,4.832900578,,,23.99916511,62.55,,4.67,3125
Sweden,1990,34570.30573,0.754674769,,,10.36655339,77.53682927,,10.58,250
Togo,1990,725.9186544,-0.243656134,,,1.015341505,54.37,,3.99,500
Thailand,1990,2608.168363,11.16716344,45.3,18.44775385,5.863994744,70.445,,4.85,250
Tonga,1990,2644.91203,-2.044091435,,,9.709863846,67.294,,8.77,0
Trinidad and Tobago,1990,5992.063827,1.509167843,,,11.06442577,68.272,,8.46,2125
Tunisia,1990,2085.533448,7.949819437,40.2,54.7703801,6.545293073,70.11,,4.39,250
Uganda,1990,369.4873992,6.474140153,,,,46.443,,3.48,1875
Uruguay,1990,8286.698233,0.297348379,,31.59596304,112.5259056,73.162,,7.45,1500
South Africa,1990,4643.222315,-0.317760427,,32.39719496,14.32095573,63.375,,6.81,3750
Zambia,1990,889.9931242,-0.481072028,,244.3805364,107.0238095,47.926,,4.89,2312
Zimbabwe,1990,1648.573181,6.988552933,,,,59.426,,5.73,0
Afghanistan,1995,,,,,,52.544,8.26,2.26,5250
Albania,1995,1488.020881,13.32233332,,35.75690391,7.793218538,74.362,14.611,8.22,0
United Arab Emirates,1995,62877.68408,6.687886464,,,,72.695,1.8,7.51,0
Argentina,1995,9969.331576,-2.845209611,48.9,,,73.133,18.8,8.64,2375
Armenia,1995,928.0924966,6.89999842,,,175.9513255,69.311,6.7,10.43,0
Australia,1995,39309.99466,3.883164804,32.6,21.6803201,4.6277666,77.82926829,8.47,11.2,0
Austria,1995,33790.48499,2.667983531,29.9,,2.243366315,76.66829268,4.34,8.81,0
Burundi,1995,354.1161809,-7.920000004,,128.9192191,19.26325364,44.059,2.892,2.18,4062
Belgium,1995,31329.89207,2.38475728,28.4,125.5765909,1.467966991,76.84073171,9.34,10.0,0
Benin,1995,804.350333,6.04519865,,,14.46254822,55.295,1.237,2.61,0
Bangladesh,1995,559.6892306,5.121277897,32.9,,10.29781179,59.467,2.464,3.68,2375
Bulgaria,1995,4025.645827,2.862019072,,,62.05483368,71.05341463,11.1,8.86,500
Bahrain,1995,20403.37053,3.929991545,,16.98645162,2.704034751,73.799,1.128,7.1,687
Belize,1995,4968.793189,0.731558306,,27.57878886,2.889615844,69.887,12.48,9.4,125
Bolivia,1995,1866.652933,4.678276597,,57.41137939,10.19320676,59.534,2.752,7.83,1375
Brazil,1995,6524.518853,4.223793634,59.6,,66.00703355,67.919,7.09,5.58,375
Barbados,1995,14219.10438,2.013998,,,1.878862794,73.298,19.66,8.88,0
Botswana,1995,4271.470886,7.030410248,,10.97207607,10.51254608,55.059,21.35,8.24,312
Central African Republic,1995,478.3438948,7.200045558,,,19.18940397,47.35,5.442,2.99,0
Canada,1995,32612.23203,2.693976276,31.5,77.31262198,2.148760331,77.97731707,9.49,10.71,312
Switzerland,1995,67264.91129,0.480866449,,22.49520878,1.799827769,78.41707317,3.09,9.83,0
Chile,1995,7277.561894,8.933295869,,17.37231577,8.232630341,74.609,4.7,8.78,125
China,1995,1520.029469,10.95395434,,,16.79122517,70.008,3.0,6.79,375
Cameroon,1995,1049.706663,2.894001377,,106.2809792,9.069690719,53.222,7.968,5.0,0
Colombia,1995,4170.457695,5.202437593,,,20.89179302,69.933,8.72,6.47,8937
Costa Rica,1995,6867.637672,4.153953048,45.7,,23.18649811,76.552,5.18,7.42,375
Cuba,1995,3348.476634,2.457201172,,,,74.623,8.27,8.8,0
Cyprus,1995,19452.57422,8.362469305,,,2.61581788,75.133,2.6,9.6,0
Germany,1995,31628.15981,1.544146496,28.7,,1.706160413,76.42195122,8.16,9.44,125
Denmark,1995,43310.25009,3.027587267,23.0,,2.083608424,75.21268293,6.99,10.04,0
Algeria,1995,2862.107868,3.79999479,35.3,,29.77962649,67.454,31.84,5.41,4750
Ecuador,1995,4374.268716,2.252548774,,,22.93413441,71.041,4.632,7.1,812
Spain,1995,20001.7908,2.757494046,35.7,57.88357149,4.673803376,77.98073171,22.68,8.11,562
Estonia,1995,7137.530776,,,,28.77661372,67.54390244,9.66,10.38,0
Finland,1995,29912.89797,4.21686747,23.5,,0.791239407,76.4095122,17.0,8.59,0
Fiji,1995,3786.078553,2.499998538,,,2.165647214,66.286,4.778,10.11,250
France,1995,29745.12873,2.106629158,,,1.796481421,77.75121951,11.83,8.82,2250
Gabon,1995,8524.419156,4.973847763,,,9.646531041,60.704,17.62,6.25,0
United Kingdom,1995,33009.30415,2.531670045,35.5,88.53758606,2.697495183,76.83658537,8.69,9.44,1812
Ghana,1995,931.1804337,4.112418972,,,59.4615537,56.565,6.451,5.89,125
Greece,1995,15946.75512,2.099719416,37.0,,8.93451416,77.58536585,9.06,8.73,375
Guatemala,1995,2965.885979,4.948547502,,11.40499902,8.411413123,64.195,2.664,3.8,3500
Guyana,1995,3342.172075,5.031446558,,,12.21052632,63.136,11.884,7.68,0
Honduras,1995,1722.533042,6.189304558,55.5,,29.46452923,67.139,3.24,5.26,1687
Croatia,1995,7305.939776,,,,3.95010395,72.08439024,10.18,9.08,0
Haiti,1995,1291.07739,9.897707488,,,27.60818517,55.547,7.301,3.92,5187
Hungary,1995,7675.578171,1.489525476,,86.11386343,28.30546837,69.79170732,10.17,10.41,0
Indonesia,1995,1922.352118,8.220007399,,30.80432488,9.420323216,65.237,4.597,4.62,3187
India,1995,618.1392879,7.574491838,,47.4916413,10.22488616,60.596,7.014,4.12,3125
Ireland,1995,28192.77549,9.634421619,37.0,,2.52486728,75.46980488,11.97,10.39,0
Iraq,1995,1949.578297,2.120021498,,,387.3108478,66.464,9.021,5.09,5875
Iceland,1995,34188.35059,,,46.34465767,1.651231501,77.98439024,5.2,9.23,0
Israel,1995,25872.23042,,,99.85811749,9.931446651,77.45121951,8.78,11.07,4062
Italy,1995,29265.08905,2.886836759,35.2,,5.23542258,78.17073171,11.66,8.27,562
Jamaica,1995,5209.815947,2.349957041,,83.86118418,19.90874884,71.549,7.106,8.18,312
Jordan,1995,3521.052307,6.200874444,,105.0628884,2.353124513,70.87,14.6,7.58,125
Japan,1995,30171.16379,2.630999616,,60.77122237,-0.127899045,79.53609756,3.2,10.51,562
Kazakhstan,1995,3700.753935,-8.200000001,,,176.1552989,63.5,10.98,9.34,0
Kenya,1995,1225.143873,4.406216525,,,1.554328161,55.617,3.171,5.26,0
Cambodia,1995,378.9223782,9.903468901,,,-0.798944338,56.308,0.785,3.27,18437
Kuwait,1995,33683.48004,4.858291252,,,2.686727566,75.537,0.699,6.11,0
Liberia,1995,,,,,,43.917,2.211,3.08,3375
Sri Lanka,1995,1625.571068,5.500085234,35.4,94.6498206,7.674848734,72.26,12.27,9.35,3562
Lesotho,1995,647.5183783,3.290938546,,,9.270833333,56.723,17.057,5.66,312
Lithuania,1995,4936.020215,,,,39.64762903,69.00634146,17.54,9.17,0
Luxembourg,1995,74896.09658,1.432199989,28.3,,1.86769425,76.51219512,2.92,9.22,0
Latvia,1995,4969.82308,,,,24.97593553,66.39121951,19.0,8.99,0
Morocco,1995,1692.847046,-5.405447872,,68.39491528,6.123581648,64.736,13.612,3.4,0
Maldives,1995,5556.257419,,,47.35205809,5.488861332,67.476,0.79,4.11,0
Mexico,1995,8049.743231,-5.910299624,,30.74349889,34.99927129,71.646,7.1,7.2,21250
Mali,1995,494.5902322,0.921022398,,,13.44176968,47.816,1.282,1.01,0
Malta,1995,12344.82635,6.342493183,,,4.426645503,77.2902439,6.296,9.36,0
Mongolia,1995,1431.460923,6.376426886,33.2,37.07128268,0.043516101,60.612,5.5,7.84,0
Mozambique,1995,217.0596892,2.122893806,,,,46.04,2.771,0.93,0
Mauritania,1995,1377.926592,9.819800419,37.7,,6.543790685,60.259,9.982,3.12,312
Mauritius,1995,4562.746928,4.287736571,,32.86860594,6.029331885,70.32585366,9.59,6.83,0
Malawi,1995,386.7008137,16.7288173,,,83.32577475,43.641,4.752,3.06,0
Malaysia,1995,5826.870847,9.829085197,48.5,41.06970284,3.450575096,72.384,3.15,8.39,0
Namibia,1995,2939.49125,3.899014221,,,,58.634,21.051,6.05,125
Niger,1995,418.2441133,2.457244122,,,10.56328867,45.774,1.433,1.23,0
Nicaragua,1995,1214.096252,5.911907957,,,,65.608,7.102,5.02,1937
Netherlands,1995,33696.74383,3.116035986,,,1.923220035,77.40463415,7.16,10.56,0
Norway,1995,58380.56847,4.155642995,26.0,,2.460367787,77.73658537,6.31,10.72,0
Nepal,1995,476.4531924,3.468451893,35.2,66.18364321,7.622969507,59.318,10.499,2.65,250
New Zealand,1995,27994.03701,4.722081044,,,3.754944137,76.73414634,6.46,11.68,125
Pakistan,1995,1040.288297,4.962609146,,,12.34357852,59.878,0.647,3.36,1437
Panama,1995,6112.472797,1.751678793,57.8,,0.994206983,72.385,6.062,8.43,1187
Peru,1995,3146.045137,7.411395047,,,11.12870297,67.644,4.544,7.88,6375
Philippines,1995,1725.502381,4.625225117,,53.47117815,6.83199611,68.223,3.651,7.56,3437
Papua New Guinea,1995,2411.85775,-3.312448778,,53.66200139,17.28093268,61.049,2.863,3.31,1875
Poland,1995,5628.446239,7.102865538,,,27.95138856,71.89268293,13.7,9.86,250
Portugal,1995,15788.98311,4.28278046,,,4.222816141,75.31219512,7.06,6.69,0
Paraguay,1995,4421.910046,6.822810304,58.2,,13.42541436,69.009,3.4,6.25,375
Qatar,1995,,,,,2.956521739,74.25,0.822,6.13,0
Romania,1995,4570.185131,6.233511484,,,32.24248473,69.45609756,8.01,9.7,0
Rwanda,1995,304.7323231,35.22407831,,,,39.969,11.824,2.66,2312
Saudi Arabia,1995,17887.24268,0.212091345,,,4.868431031,71.011,5.994,6.34,0
Sudan,1995,1507.841187,5.997092261,,,68.37519295,51.991,15.582,2.52,3875
Senegal,1995,984.8240799,5.468584858,,,7.864007846,56.839,5.555,2.2,0
Singapore,1995,30379.89911,7.175401121,,72.78049031,1.720533848,76.29512195,3.3,7.98,0
Sierra Leone,1995,416.7161348,-7.999752327,,,,42.716,3.49,2.46,5000
El Salvador,1995,2780.048977,4.734081402,49.9,,10.02965645,66.33,7.65,5.42,1125
Slovenia,1995,13276.07309,,,,13.46372962,73.95853659,7.15,11.05,0
Sweden,1995,34648.11892,3.935192926,25.2,,2.455148578,78.7404878,8.9,11.18,0
Togo,1995,659.9907789,7.845832319,,,16.43350345,54.037,3.845,4.31,0
Thailand,1995,3595.064582,8.120315346,,4.610094712,5.818181818,70.948,1.1,5.5,250
Tajikistan,1995,455.385589,-12.41632223,,,,59.338,10.3,10.47,3125
Tonga,1995,3257.5501,7.378535826,,,1.460006304,68.17,1.965,9.33,0
Trinidad and Tobago,1995,7034.852561,3.809913144,,,5.182205395,69.17,17.22,9.0,625
Tunisia,1995,2289.397385,2.351669851,41.7,57.51826787,6.244150287,71.988,15.982,5.07,0
Uganda,1995,440.9026767,11.52324381,,,6.55014019,46.567,3.298,3.97,1875
Ukraine,1995,1497.810059,-12.2,39.3,,376.7461748,66.74195122,5.62,10.15,562
Uruguay,1995,9765.152879,-1.447598969,,,42.2483198,73.896,10.02,7.57,500
South Africa,1995,4392.070041,3.100000001,,44.86861899,8.680444226,62.262,20.75,8.29,250
Zambia,1995,777.0233024,2.897668893,,155.2792246,34.92958742,45.553,16.858,6.01,0
Zimbabwe,1995,1609.94311,0.158025687,,,,50.531,5.654,6.7,437
Afghanistan,2000,,,,,,55.298,8.054,2.86,3125
Albania,2000,1960.88246,6.946216592,,,0.050018136,75.404,19.028,9.48,0
United Arab Emirates,2000,61187.76975,10.85270421,,,,74.38,2.25,8.43,0
Argentina,2000,10672.72204,-0.788998939,51.1,,,73.926,15.0,8.73,2062
Armenia,2000,1249.612129,5.900000003,,,-0.790883769,70.624,11.055,10.44,0
Australia,2000,45858.58009,3.921517829,,29.52281212,4.457435148,79.23414634,6.28,11.07,0
Austria,2000,38842.89052,3.375722147,29.0,64.73978224,2.344862854,78.12682927,4.69,8.97,375
Burundi,2000,310.0067109,-0.856864058,,,24.43202421,47.514,2.998,2.56,1875
Belgium,2000,35674.79125,3.716679384,33.1,109.6474721,2.544517762,77.72195122,6.59,10.29,0
Benin,2000,888.7301846,5.857714205,,,4.165404423,56.578,0.843,3.11,0
Bangladesh,2000,646.0377635,5.293294719,33.4,,2.208256209,65.779,3.27,4.48,0
Bulgaria,2000,3721.303491,4.587226859,,61.57245826,10.31626213,71.66341463,16.22,9.28,125
Bahrain,2000,21713.53805,5.300070056,,25.74501489,-0.704852953,75.496,1.117,7.48,0
Belize,2000,5657.456684,12.24061403,,,3.067439669,68.564,10.869,10.08,0
Bolivia,2000,2017.394609,2.507810809,61.6,60.10919774,4.608229989,62.346,2.373,8.29,1687
Brazil,2000,6745.857771,4.387949447,,,7.044141059,69.737,10.53,6.52,812
Barbados,2000,16683.45065,4.447189623,,,2.435813035,74.089,9.35,8.81,0
Botswana,2000,4917.232089,1.987695834,,,8.601485149,51.011,15.88,8.82,0
Central African Republic,2000,445.803293,-2.48943244,,,3.203400916,45.406,5.297,3.29,0
Canada,2000,37923.48646,5.177635668,33.4,58.73797424,2.719439957,79.16682927,6.83,10.95,437
Switzerland,2000,73749.9388,3.958719719,33.4,25.77790616,1.558529197,79.6804878,2.66,9.78,0
Chile,2000,8549.079073,4.971621489,52.8,13.14564,3.843272957,76.87,10.49,9.07,0
China,2000,2193.896866,8.490093404,,,0.347811227,71.881,3.26,7.38,875
Cameroon,2000,1137.624527,3.832417794,,,1.22719013,52.932,7.591,5.46,0
Colombia,2000,4003.985169,2.924861482,58.7,17.70902168,9.225348186,71.32,20.52,6.9,8687
Costa Rica,2000,7646.027372,3.868718091,47.4,38.50184887,10.96154966,77.586,5.08,7.7,125
Cuba,2000,4113.490275,5.914760019,,,,76.183,5.45,8.91,250
Cyprus,2000,22382.49609,5.965310315,,,4.141657647,76.568,4.97,9.94,0
Germany,2000,34490.07577,2.912502964,28.8,,1.440268387,77.92682927,7.92,10.06,0
Denmark,2000,49241.928,3.746862595,23.8,,2.903282032,76.59268293,4.48,10.77,0
Algeria,2000,3138.230019,3.800000002,,,0.339163189,70.478,29.77,5.67,1875
Ecuador,2000,4227.552516,1.091801564,56.4,,96.09637569,72.839,4.8,7.1,4937
Spain,2000,23937.96855,5.245943824,34.1,56.41656756,3.433515634,78.96585366,13.79,8.93,3500
Estonia,2000,9960.139039,10.08763444,,4.066987003,4.018489525,70.41707317,13.36,11.41,0
Finland,2000,37884.39132,5.773362458,27.2,,3.042100807,77.46585366,11.13,9.09,0
Fiji,2000,4000.854363,-1.699998416,,,1.0921646,66.31,4.912,9.76,2750
France,2000,33592.46683,3.923669227,32.6,58.29925233,1.675959887,79.05609756,10.22,9.75,125
Gabon,2000,7611.835714,-1.882966398,,,0.504920026,61.069,17.391,7.02,0
United Kingdom,2000,38918.45506,4.318727058,38.8,87.47856011,1.182956242,77.74146341,5.56,9.92,375
Ghana,2000,1020.162204,3.700000082,,,40.24093312,58.195,10.46,6.44,0
Greece,2000,18642.72127,3.91977053,34.2,119.4314572,3.151181625,77.88780488,11.24,8.89,0
Guatemala,2000,3195.388078,3.608868717,54.2,16.98382301,5.977577347,67.446,2.75,4.1,750
Guyana,2000,3788.241405,-1.363803903,,,6.14854333,64.483,11.89,8.13,0
Honduras,2000,1768.253905,7.291288159,,,11.04803493,68.662,3.855,5.65,0
Croatia,2000,8876.615724,2.956274678,,34.25029485,4.611315547,72.80780488,16.06,9.71,0
Haiti,2000,1333.727172,0.870059259,,,9.333221976,58.365,8.408,4.33,5625
Hungary,2000,8967.696269,4.479194732,,61.21142427,9.803610169,71.24634146,6.56,11.2,0
Indonesia,2000,1845.227801,4.920067748,29.5,,3.68861916,66.433,6.08,5.15,3437
India,2000,755.482294,3.840991157,,55.0042465,4.00943591,62.669,7.77,5.03,125
Ireland,2000,41924.29325,9.403524677,33.0,38.14174826,5.5907173,76.53658537,4.32,10.66,0
Iraq,2000,4138.18794,16.92166569,,,4.978962132,66.817,8.752,5.9,0
Iceland,2000,42174.66506,4.98504277,,58.25802059,5.136471232,79.65365854,1.94,9.67,0
Israel,2000,29321.3254,8.671655277,,,1.03264095,78.95365854,11.1,11.34,375
Italy,2000,32350.90437,3.786955143,35.3,,2.537685321,79.77804878,10.83,8.78,0
Jamaica,2000,4920.070218,0.878703548,,98.33415571,8.171083561,70.944,6.959,9.14,0
Jordan,2000,3635.292158,4.245711921,,93.71097071,0.666880926,71.918,13.7,8.36,0
Japan,2000,31430.63113,2.764647551,,98.93382307,-0.676578684,81.07609756,4.75,10.94,0
Kazakhstan,2000,4446.451871,9.800000002,,,13.18089059,65.45,12.75,10.54,3125
Kenya,2000,1187.32581,0.599695391,,,9.980025154,54.411,3.128,5.69,0
Cambodia,2000,488.0027023,9.993580323,,,-0.791992529,58.625,0.972,3.5,0
Kuwait,2000,31662.81414,4.694581871,,,1.812946139,76.722,0.8,6.09,0
Liberia,2000,763.4268725,,,,,51.356,2.123,3.49,0
Sri Lanka,2000,2011.980471,6.000033158,,96.90403265,6.17627591,70.355,7.74,10.24,3125
Lesotho,2000,727.180765,3.875546814,,,6.131975387,48.427,17.0,6.21,0
Lithuania,2000,6423.420676,3.695525421,,32.69302355,0.981615479,72.0195122,15.93,9.49,0
Luxembourg,2000,92527.71181,6.938130249,30.1,,3.15076707,77.87317073,2.35,9.55,0
Latvia,2000,6725.33754,5.675741312,,,2.654254778,70.31463415,14.21,9.34,250
Morocco,2000,1948.354614,2.582180915,40.6,,1.894634568,66.787,13.58,3.82,250
Maldives,2000,7037.197735,3.845810392,,40.86440999,-1.174756812,70.876,1.97,4.26,0
Mexico,2000,9655.602497,5.029283994,52.6,18.19186334,9.491561494,73.569,2.65,7.66,4062
Mali,2000,556.7723941,-0.060834972,,,-0.677661659,50.539,1.306,1.23,0
Malta,2000,17189.56549,19.68126938,,,2.369592875,78.34878049,6.32,9.78,0
Mongolia,2000,1557.43844,1.146062137,,78.41832771,11.59553876,62.882,6.086,7.88,0
Mozambique,2000,293.2318956,0.766234956,,,,49.491,2.886,1.08,562
Mauritania,2000,1265.160425,-3.918025879,39.0,,3.254067458,61.028,10.049,3.55,0
Mauritius,2000,5671.02955,8.202791749,,32.11744331,4.199288256,71.66341463,9.142,6.7,0
Malawi,2000,421.8194582,1.576077624,,,29.58148846,44.518,4.923,3.48,0
Malaysia,2000,6461.991273,8.85886817,,,1.534740237,72.775,3.0,9.09,0
Namibia,2000,3082.759207,3.492183364,,,,51.99,20.3,5.72,0
Niger,2000,389.077523,-1.208477741,,,2.900149736,49.322,1.521,1.38,0
Nicaragua,2000,1429.724398,4.101590236,,,7.069913523,67.234,7.394,5.51,0
Netherlands,2000,40456.94224,4.195642498,,,2.360522338,77.98780488,2.73,10.81,125
Norway,2000,67846.59685,3.318945671,27.4,,3.085506091,78.63414634,3.46,11.02,250
Nepal,2000,546.9316252,6.199999982,,64.57331984,2.478820207,62.614,10.604,2.97,0
New Zealand,2000,30825.9568,2.871343257,,,2.615234462,78.63658537,6.13,11.76,0
Pakistan,2000,1053.004306,4.260088011,,55.03242161,4.366664513,62.102,0.611,3.87,312
Panama,2000,7021.546436,2.715373802,56.6,,1.498961116,74.001,6.051,8.74,0
Peru,2000,3279.35543,2.694371398,49.1,,3.757338333,70.424,4.898,8.85,9312
Philippines,2000,1831.699208,4.382504833,47.7,58.5984332,3.977125032,69.413,3.655,7.87,3500
Papua New Guinea,2000,1999.969368,-2.494841993,,57.74153126,15.59589331,61.72,2.92,3.48,0
Poland,2000,7344.120761,4.56098541,,,9.900175388,73.74878049,16.31,10.26,0
Portugal,2000,18795.03115,3.816178063,,,2.853030393,76.31463415,3.81,7.43,0
Paraguay,2000,4056.23877,-2.314140568,,,8.982159768,69.75,7.61,6.23,2500
Qatar,2000,52157.76335,,,,1.650335224,74.828,0.842,6.6,0
Romania,2000,4567.239677,2.461263459,,27.84473453,45.66659404,71.16341463,6.97,10.04,0
Rwanda,2000,337.6615451,8.370876903,48.5,,3.899529803,47.129,11.936,3.23,250
Saudi Arabia,2000,17018.61189,5.625416146,,,-1.124994779,72.467,4.57,7.08,0
Sudan,2000,1906.380859,6.34586744,,,7.121258972,58.319,15.282,2.82,0
Senegal,2000,1076.892305,3.887210958,,,0.731981982,56.943,5.582,1.92,1875
Singapore,2000,34890.08114,9.038316326,,83.84229173,1.361623924,77.95121951,3.7,9.15,0
Sierra Leone,2000,400.5989343,6.652729659,,,,45.05,3.425,2.78,3250
El Salvador,2000,2957.371867,1.127906977,51.5,27.37640894,2.271287568,69.865,6.96,6.59,0
Slovenia,2000,16240.65689,3.67237155,,,8.911744187,75.41219512,6.92,11.35,0
Sweden,2000,41117.15243,4.766348871,27.2,70.27831726,0.899143734,79.64390244,5.47,11.38,0
Togo,2000,697.4441495,-0.783479606,,,1.862605955,54.742,4.057,4.75,0
Thailand,2000,3511.440361,4.455247043,42.8,21.96458651,1.591969175,72.316,2.39,5.65,0
Tajikistan,2000,430.3410037,8.324324495,,114.076118,,63.26,15.134,10.63,0
Tonga,2000,3506.266147,0.875990063,37.7,,6.327635514,68.978,4.103,9.37,0
Trinidad and Tobago,2000,9933.319685,6.901359591,,,3.555413197,69.102,12.1,9.51,312
Tunisia,2000,2827.3788,4.709972914,40.8,56.72127583,2.962307947,73.69,14.94,5.9,0
Uganda,2000,508.7619921,3.141907338,,,3.392021585,48.342,3.552,4.33,0
Ukraine,2000,1420.116699,5.9,,43.72978743,28.20309724,67.67560976,11.71,10.45,0
Uruguay,2000,11008.63816,-1.929930635,,,4.763824727,75.025,12.63,8.07,0
South Africa,2000,4735.665532,4.200000001,57.8,39.63905838,5.338951029,58.47,20.266,7.68,0
Zambia,2000,814.7729655,3.897322943,,,26.03041179,45.231,12.93,6.16,0
Zimbabwe,2000,1676.51546,-3.059189749,,,,44.686,5.688,7.0,437
Afghanistan,2005,363.5414692,11.22971482,,,12.68626872,58.361,8.113,3.21,4437
Albania,2005,2675.508637,5.526424247,30.6,,2.366581957,76.621,15.97,9.85,0
United Arab Emirates,2005,60778.46861,4.855141196,,,,76.683,3.12,8.89,0
Argentina,2005,11141.31067,8.85165992,47.7,,,75.139,11.51,9.38,375
Armenia,2005,2312.982861,13.9,36.0,,0.638928002,71.792,10.218,10.5,0
Australia,2005,50852.1612,3.154139257,,22.4060503,2.691831683,80.84146341,5.03,11.38,312
Austria,2005,41281.27076,2.244065325,28.7,74.30583793,2.299137856,79.33170732,5.63,9.29,0
Burundi,2005,294.7387734,0.900000001,,,13.25206992,53.023,3.189,2.88,1875
Belgium,2005,38426.05191,2.321737054,29.3,96.75457719,2.781432637,78.9804878,8.44,10.59,250
Benin,2005,924.2695241,1.713164564,,,5.364520858,57.125,0.832,3.72,0
Bangladesh,2005,758.8899732,6.535944939,33.2,,7.046618162,67.299,4.25,5.24,0
Bulgaria,2005,5236.086372,7.056349601,,31.13794004,5.038838071,72.56097561,10.08,10.45,0
Bahrain,2005,22027.33131,6.768997871,,,2.586206897,76.931,1.104,7.19,125
Belize,2005,6305.35056,2.219189271,,69.97580831,-1.104310444,69.376,10.91,10.76,0
Bolivia,2005,2152.36197,4.421433127,58.5,,5.393231069,64.386,2.543,8.49,1875
Brazil,2005,7325.90355,3.202132061,56.3,,6.869537209,71.753,10.55,7.29,125
Barbados,2005,17367.56328,3.955457604,,63.79162386,6.082187295,74.89,9.08,9.34,0
Botswana,2005,5360.019176,4.556645653,,,8.610225285,52.61,19.829,9.22,0
Central African Republic,2005,436.1002651,0.908210515,,,2.883520734,46.433,5.333,3.55,0
Canada,2005,40989.52682,3.204200428,33.6,46.06165142,2.213552034,80.11268293,6.76,12.03,0
Switzerland,2005,76282.98396,2.749698985,,29.39717832,1.171954203,81.23658537,4.44,10.55,0
Chile,2005,10212.7825,5.837045715,,,3.052576214,78.016,9.34,9.67,0
China,2005,3390.716159,11.39459181,40.9,,1.776414077,74.111,4.52,7.69,875
Cameroon,2005,1250.058883,2.228270209,,,2.013539502,54.362,4.4,5.77,0
Colombia,2005,4447.566818,4.828761108,53.9,,5.051019627,73.081,11.87,7.06,7187
Costa Rica,2005,8545.747274,3.976666368,47.5,,13.79829491,78.505,6.57,8.12,0
Cuba,2005,5189.928604,11.20165656,,,,77.047,1.95,9.51,0
Cyprus,2005,25629.69727,4.853003838,30.3,,2.560161323,78.101,5.3,9.28,0
Germany,2005,35310.47047,0.731707164,31.6,,1.546911148,78.93170732,11.17,11.65,312
Denmark,2005,51835.83271,2.336641308,25.2,,1.817814583,77.84390244,4.83,11.1,0
Algeria,2005,3774.071254,5.899999997,,,1.382446567,72.061,15.27,5.54,1875
Ecuador,2005,4912.527491,5.291308267,53.1,,2.168277012,74.514,3.78,7.37,3562
Spain,2005,26145.80858,3.652084192,32.4,40.26751027,3.368814098,80.17073171,9.15,10.12,3375
Estonia,2005,14631.38733,9.526426972,33.4,5.181045677,4.079714232,72.56829268,8.03,11.77,0
Finland,2005,42530.61968,2.779850556,27.6,,0.62387445,78.81707317,8.38,9.51,0
Fiji,2005,4291.71551,0.700000402,,,2.365764538,66.632,3.89,9.38,0
France,2005,35208.8558,1.66321998,29.8,65.61117387,1.745869364,80.16341463,8.49,10.12,1062
Gabon,2005,7155.365485,2.676203333,42.2,,3.708333333,61.959,16.91,7.71,0
United Kingdom,2005,43007.36292,2.738842404,35.5,92.04403363,2.08913649,79.04878049,4.75,11.1,0
Ghana,2005,1140.186427,5.900003819,42.8,,15.43899202,59.76,5.609,7.01,0
Greece,2005,22185.42455,0.599142037,34.6,127.5480281,3.545072733,79.23902439,9.99,9.9,0
Guatemala,2005,3320.157565,3.276026926,,21.60212014,9.108649857,69.168,3.053,3.97,375
Guyana,2005,3874.06814,-1.950957595,,,6.925543039,65.132,11.027,8.51,0
Honduras,2005,1953.326123,6.050599222,59.5,,8.809060748,70.104,4.91,6.03,125
Croatia,2005,11523.29783,4.307492848,,45.76526529,3.317178244,75.24463415,12.6,10.58,0
Haiti,2005,1297.085988,3.072173377,,,13.97300833,60.415,14.42,4.81,3812
Hungary,2005,11278.61603,4.29427761,34.7,65.22712625,3.561517114,72.64878049,7.19,11.66,0
Indonesia,2005,2174.915221,5.692571303,34.1,,10.45319842,67.649,7.94,6.41,1875
India,2005,947.7634353,7.923430621,,62.2265261,4.24634362,64.996,8.7,5.63,1875
Ireland,2005,49746.05646,5.739781672,33.8,30.7738803,2.429691984,78.94390244,4.34,11.54,0
Iraq,2005,3277.11191,1.671889624,,,36.95948092,64.844,8.718,6.31,11062
Iceland,2005,48850.76586,6.124438965,29.0,84.71765917,3.987047828,81.50243902,2.55,10.42,0
Israel,2005,29503.90146,4.134076619,42.3,,1.313485114,80.15121951,11.34,11.47,2250
Italy,2005,33257.7698,0.817848974,33.8,,1.985292985,80.78292683,7.73,9.15,0
Jamaica,2005,5259.644183,0.893797936,,121.0024762,15.05286589,71.044,6.767,9.66,375
Jordan,2005,4408.270261,8.146594811,,79.9498073,3.493685346,72.932,14.8,9.07,0
Japan,2005,33098.54747,1.803900872,,128.2074929,-0.282946069,81.95512195,4.45,11.3,0
Kazakhstan,2005,7155.342598,9.699999999,39.8,,7.579999291,65.86,8.13,11.6,312
Kenya,2005,1221.859289,5.90666608,46.5,,10.31277836,57.344,2.968,6.25,875
Cambodia,2005,697.7467582,13.25008691,,,6.61525912,64.293,1.13,4.1,0
Kuwait,2005,40476.29405,10.60904498,,,4.142975836,76.903,1.493,6.07,0
Liberia,2005,545.3980631,5.281212453,,,10.83435885,56.912,2.227,3.85,562
Sri Lanka,2005,2332.652318,6.241748044,,90.60491311,11.6396861,72.118,7.67,10.31,1875
Lesotho,2005,843.4456948,3.466122481,,,3.437884231,43.233,16.966,6.93,0
Lithuania,2005,9766.487647,7.732367604,35.3,23.93573132,2.658484841,71.25365854,8.32,10.4,0
Luxembourg,2005,101222.0457,2.482874748,30.8,,2.487696652,79.43170732,4.49,10.26,0
Latvia,2005,10526.45225,10.72036596,39.0,,6.748450279,71.35609756,10.03,10.26,0
Morocco,2005,2336.503418,3.19224973,,53.66629657,0.98264166,68.704,11.01,4.34,0
Maldives,2005,7129.632121,-11.22316606,,33.92711513,1.300275009,74.751,7.332,4.69,0
Mexico,2005,9524.742436,2.113247115,50.1,,3.988057146,74.376,3.56,8.45,2000
Mali,2005,666.7944219,6.534778775,,,6.397882939,54.003,1.294,1.73,0
Malta,2005,18134.05204,3.383593722,,,3.007966525,79.3,6.92,10.13,0
Mongolia,2005,2041.868494,7.253665438,,,12.71656741,64.879,7.042,8.57,0
Mozambique,2005,393.5109548,6.31202378,,,6.427552781,51.561,3.031,1.28,0
Mauritania,2005,1384.014295,8.566287249,,,12.12564872,61.656,9.854,4.06,1875
Mauritius,2005,6472.873886,1.77754302,,41.69269483,4.93717005,72.43219512,9.52,7.84,0
Malawi,2005,412.9820434,3.268726021,,,15.41034466,52.044,4.939,4.41,0
Malaysia,2005,7209.61711,5.332139161,,42.06755976,2.975070927,74.096,3.53,9.71,0
Namibia,2005,3634.620326,2.529262658,,,2.28194607,51.787,22.328,5.97,0
Niger,2005,404.2805689,7.331868843,44.4,,7.797497818,53.59,3.1,1.57,0
Nicaragua,2005,1568.41789,4.282398363,48.8,,9.599099861,67.936,5.37,5.98,500
Netherlands,2005,42201.77541,2.050876108,29.0,,1.688130179,79.34634146,5.87,10.8,0
Norway,2005,73524.25492,2.685084425,30.6,,1.532133676,80.04146341,4.38,11.78,0
Nepal,2005,603.7488472,3.479181048,,51.76462305,6.836332659,65.457,10.52,3.55,4312
New Zealand,2005,35095.36316,3.353315797,,44.16984908,3.037023326,79.85121951,3.81,11.77,0
Pakistan,2005,1208.68129,7.276574436,31.3,,9.06332737,62.466,0.591,4.93,0
Panama,2005,7872.785496,7.191279345,53.8,,3.181705195,75.829,5.949,9.18,125
Peru,2005,3828.852729,6.285060325,50.5,,1.616301939,72.986,4.87,9.55,3375
Philippines,2005,2079.331829,4.942505119,,65.70974312,6.516853933,70.24,3.8,8.18,3750
Papua New Guinea,2005,1886.527549,6.344795923,,,1.780804399,61.801,2.402,3.99,1875
Poland,2005,8554.693897,3.506834614,35.8,,2.183798724,74.99512195,17.75,10.94,0
Portugal,2005,19224.03465,0.781848216,38.5,,2.277163949,78.07073171,7.58,7.02,0
Paraguay,2005,4171.24517,2.133490665,51.4,,6.807382031,70.527,4.82,7.59,125
Qatar,2005,58757.99267,7.492758483,,,8.814395323,76.064,0.865,7.29,0
Romania,2005,6325.221288,4.668148051,,19.35322537,9.014912833,71.91219512,7.17,10.31,0
Rwanda,2005,447.4698277,9.377898103,52.0,,9.014089181,57.316,11.907,3.83,125
Saudi Arabia,2005,18295.45485,5.573850122,,,0.479230398,74.588,6.05,7.69,0
Sudan,2005,2213.790771,5.643515513,,,8.505850759,57.279,14.976,3.15,6562
Senegal,2005,1145.707636,4.310238526,39.2,,1.711333259,60.915,8.865,1.57,0
Singapore,2005,41798.48808,7.366322393,,94.96669378,0.425106277,79.9902439,5.59,8.83,0
Sierra Leone,2005,465.7784047,4.35349995,,,,48.237,3.553,3.22,0
El Salvador,2005,3146.470377,2.680830094,48.5,56.21581168,4.690948709,70.44,7.22,7.34,125
Slovenia,2005,19239.39991,3.797972642,24.6,,2.451501323,77.61219512,6.51,11.59,0
Sweden,2005,45990.37433,2.85880324,26.8,57.86921908,0.453170853,80.54634146,7.49,11.81,0
Togo,2005,644.9279638,-4.666299382,,,6.78292893,55.962,4.259,5.16,3437
Thailand,2005,4385.280806,4.187638429,,25.45812828,4.540369196,73.82,1.35,7.03,0
Tajikistan,2005,617.9388638,6.699998517,,,7.091932441,66.514,13.119,10.38,0
Tonga,2005,3701.799626,0.081033894,,,8.665692211,69.768,2.502,9.33,125
Trinidad and Tobago,2005,14259.64748,6.20893788,,,6.874534596,71.308,7.95,10.08,0
Tunisia,2005,3259.708999,3.486545543,37.7,52.42052972,2.017786414,74.764,12.87,6.78,0
Uganda,2005,604.7660079,6.332565116,42.9,,8.448726423,52.976,1.9,4.97,4062
Ukraine,2005,2144.248047,3.071230392,29.0,,13.56957649,67.95682927,7.18,10.97,250
Uruguay,2005,11024.38804,7.46013213,,76.11445971,4.69927739,76.194,12.01,7.96,0
South Africa,2005,5458.230166,5.277051973,64.8,,2.062846165,53.98,19.744,8.65,0
Zambia,2005,941.4469541,7.235599007,,,18.3244397,50.659,15.9,6.42,0
Zimbabwe,2005,1105.755119,-5.711083707,,,,44.768,4.546,7.47,0
Afghanistan,2010,544.6892969,14.36244147,,,2.178537524,60.851,8.068,3.85,3687
Albania,2010,3577.114325,3.706938153,,,3.626046956,77.936,14.09,9.93,0
United Arab Emirates,2010,34540.97151,1.602850048,,,0.877983288,78.334,2.464,9.07,0
Argentina,2010,13551.33919,10.12539816,43.6,,,75.721,7.71,9.51,0
Armenia,2010,2889.566228,2.2,30.0,,8.176361385,73.16,10.542,10.73,0
Australia,2010,53581.15858,2.226538078,34.7,28.66210103,2.918340027,81.69512195,5.21,11.54,250
Austria,2010,43334.50896,1.837093677,30.3,85.78626983,1.81353439,80.5804878,4.82,9.6,0
Burundi,2010,297.7917271,5.124159994,,,6.493265915,57.081,1.606,3.35,1875
Belgium,2010,39777.92528,2.864292708,28.4,93.2064544,2.189299204,80.18292683,8.29,10.69,250
Benin,2010,962.8161095,2.114064726,,,2.207835325,58.363,1.04,4.43,0
Bangladesh,2010,967.5610807,5.571788185,32.1,,8.126676392,68.638,3.38,5.91,562
Bulgaria,2010,6434.552431,1.555359513,35.7,20.58913653,2.438990605,73.51219512,10.28,11.24,0
Bahrain,2010,21452.92152,4.334299173,,,1.961884683,78.748,1.13,7.06,0
Belize,2010,5879.733301,1.239952915,,64.40432586,0.917977379,72.272,8.244,11.29,0
Bolivia,2010,2471.473633,4.126722591,,,2.503276058,66.162,2.614,8.25,0
Brazil,2010,8673.898383,7.528225818,,61.31878046,5.038726901,73.182,8.034,7.89,0
Barbados,2010,17227.33264,-2.272188073,,95.70034834,5.824218533,75.712,10.69,9.45,0
Botswana,2010,5428.296158,10.12220912,,21.88629705,6.948876587,60.013,17.86,9.55,0
Central African Republic,2010,500.5292774,4.630818432,,,1.4910237,49.255,5.518,3.76,3125
Canada,2010,41156.14519,3.089919462,33.6,53.14973296,1.776871541,81.32219512,8.06,12.32,0
Switzerland,2010,81315.42286,3.243397336,32.6,20.99356622,0.688238707,82.24634146,4.81,13.02,0
Chile,2010,11770.75658,5.851651017,,,1.41071108,78.501,8.41,9.78,0
China,2010,5647.068727,10.63587107,43.7,,3.175324753,75.599,4.53,7.95,687
Cameroon,2010,1277.265693,2.899024721,,,1.275380462,56.582,4.11,6.15,0
Colombia,2010,5209.732471,4.494658971,54.6,72.45266993,2.272002279,75.033,10.98,8.95,0
Costa Rica,2010,10137.58217,5.360343477,48.0,,5.662757084,78.67,7.17,7.97,0
Cuba,2010,6720.649915,2.390352297,,,,77.661,2.5,10.16,125
Cyprus,2010,26019.87891,2.014695707,31.5,,2.430040841,79.665,6.26,11.07,0
Germany,2010,37760.91363,4.179882499,30.3,,1.103810378,79.98780488,6.97,12.37,0
Denmark,2010,51173.46616,1.870991147,27.2,,2.31092437,79.1,7.75,11.3,0
Algeria,2010,3931.720059,3.600000001,,,3.911061955,73.808,9.96,6.68,1562
Ecuador,2010,5331.383774,3.525298669,48.8,,3.554377346,75.43,4.09,7.6,2125
Spain,2010,25702.34684,0.162919518,35.2,50.16780071,1.799864577,81.62682927,19.86,10.27,0
Estonia,2010,14585.83866,2.444265118,32.0,7.897645108,2.97204512,75.42926829,16.71,12.11,0
Finland,2010,43563.5722,3.185958654,27.7,,1.184135232,79.87073171,8.39,9.84,0
Fiji,2010,4297.138966,2.954672422,,,3.689012297,67.328,4.308,9.96,0
France,2010,35638.12156,1.949437623,33.7,80.30129971,1.531122704,81.66341463,8.87,10.68,1062
Gabon,2010,6514.731163,7.089887315,,,1.461544027,63.898,20.39,8.39,0
United Kingdom,2010,42310.74991,2.238688634,33.7,131.0027086,2.492654725,80.40243902,7.79,12.24,875
Ghana,2010,1374.985027,7.899711941,,,10.73338984,61.157,5.38,7.0,0
Greece,2010,21560.35335,-5.477808049,34.1,136.6022242,4.712989078,80.38780488,12.71,10.3,3812
Guatemala,2010,3606.423482,2.884175428,,24.81695941,3.859509098,70.878,3.5,4.57,0
Guyana,2010,4868.694513,4.138441601,,,3.733377577,66.743,11.812,8.79,0
Honduras,2010,2087.252271,3.731140344,53.1,,4.69889065,71.088,4.12,6.19,0
Croatia,2010,11933.01878,-1.243071346,32.4,65.52389976,1.030555053,76.47560976,11.62,11.3,0
Haiti,2010,1312.284856,-5.651511534,,,4.827341901,46.019,15.383,5.11,875
Hungary,2010,11307.7162,1.076254043,29.4,81.28171515,4.855557957,74.20731707,11.17,11.85,0
Indonesia,2010,2695.86817,6.22385418,37.2,26.16615928,5.134204008,68.679,5.61,7.61,0
India,2010,1238.014727,8.497584702,,51.5919103,11.98938992,66.909,8.319,6.24,125
Ireland,2010,46246.84509,1.682972022,32.3,82.49169608,-0.922095829,80.74390244,14.53,12.03,250
Iraq,2010,3854.688356,6.402564845,,,2.877747253,67.062,8.252,7.16,1812
Iceland,2010,48193.7014,-2.832774915,26.2,150.6338125,5.396731132,81.89756098,7.56,11.05,0
Israel,2010,33048.55459,5.668515118,42.5,,2.691370063,81.60243902,8.48,12.32,125
Italy,2010,32058.17399,1.713295839,34.7,,1.525516021,82.03658537,8.36,9.63,937
Jamaica,2010,5025.493529,-1.457147209,,136.2243349,12.610552,72.622,7.63,9.87,562
Jordan,2010,4865.469773,2.314834221,33.7,59.77108436,4.845518759,74.0,12.5,9.59,0
Japan,2010,32942.20208,4.097917919,32.1,160.4980984,-0.728243208,82.84268293,5.1,11.6,375
Kazakhstan,2010,8979.330947,7.300000003,28.0,9.522963251,7.400463567,68.45,5.77,11.33,0
Kenya,2010,1342.768702,8.058473603,,,3.961388891,60.649,2.846,6.14,250
Cambodia,2010,888.9125883,5.963078573,,,3.996395281,67.712,0.77,4.72,0
Kuwait,2010,32568.75086,-2.37026412,,,4.496402878,77.982,1.82,6.34,0
Liberia,2010,627.8053786,6.09982524,,,7.289927969,59.433,2.27,4.2,0
Sri Lanka,2010,3025.301151,8.01596737,,69.25302518,6.217648893,73.215,4.78,10.06,0
Lesotho,2010,982.1968515,5.269670781,,29.56359928,-2.405242546,45.596,16.867,5.85,0
Lithuania,2010,11106.95021,1.651240653,33.6,41.22611774,1.319213621,73.26829268,17.81,10.89,0
Luxembourg,2010,106544.0572,3.760413593,30.5,,2.273679116,80.63170732,4.36,10.99,0
Latvia,2010,10962.23153,-4.45556726,35.0,,-1.08463595,73.48292683,19.48,10.65,0
Morocco,2010,2766.921875,3.499557094,,47.09826567,0.993557401,70.829,9.09,4.96,0
Maldives,2010,8571.559923,6.835471394,,,6.149885368,77.657,11.008,6.02,250
Mexico,2010,9480.135305,4.971334562,47.2,,4.156727227,74.19,5.3,8.79,1562
Mali,2010,708.9304739,5.313935279,,,1.108926907,56.382,1.333,1.97,0
Malta,2010,20557.73775,5.543640011,29.0,,1.515635136,81.39756098,6.85,10.52,0
Mongolia,2010,2646.561677,6.365161679,33.1,,10.04620659,67.182,6.55,9.2,125
Mozambique,2010,492.5675724,6.679729357,,,12.42554217,54.198,3.229,1.93,1062
Mauritania,2010,1448.023322,2.620229521,,,6.283540874,63.105,9.895,4.53,0
Mauritius,2010,8011.455172,4.377203223,,36.78737616,2.932363014,72.96731707,7.65,8.86,0
Malawi,2010,511.8182899,6.874065854,45.5,19.26083004,7.411590929,56.381,4.941,4.81,0
Malaysia,2010,8101.40712,7.424847383,,49.55982307,1.622852356,74.442,3.39,10.44,0
Namibia,2010,4186.042147,6.03924948,,1.606949193,4.874919876,56.015,22.12,6.17,0
Niger,2010,438.4638827,8.578166743,,,0.804073081,58.367,0.771,1.88,1875
Nicaragua,2010,1669.941961,4.410481398,,,5.455134259,72.009,7.83,6.61,0
Netherlands,2010,44390.50441,1.342739336,27.8,,1.275305696,80.70243902,4.99,11.39,250
Norway,2010,72804.39562,0.787051845,25.7,,2.418906395,80.99756098,3.52,11.59,0
Nepal,2010,726.0552789,4.816414647,32.8,33.86252123,9.326504107,66.814,10.548,4.23,875
New Zealand,2010,35374.92542,1.466751165,,34.8105507,2.30202386,80.90487805,6.56,10.98,0
Pakistan,2010,1287.615773,1.501717522,28.8,,12.93887056,64.436,0.65,5.02,2437
Panama,2010,10286.20311,5.827993448,51.6,,3.491288675,76.448,5.875,9.27,0
Peru,2010,5142.014366,8.332459107,45.5,23.68179134,1.528320597,73.711,3.6,8.88,312
Philippines,2010,2415.783575,7.334499965,,50.19624148,3.789836348,70.754,3.61,8.43,0
Papua New Guinea,2010,2154.694455,10.12845407,,,6.013608936,63.039,2.0,4.26,0
Poland,2010,10755.65644,2.934638181,33.2,,2.580693703,76.24634146,9.64,11.32,0
Portugal,2010,19670.36107,1.737625476,35.8,,1.402572899,79.02682927,10.77,7.52,0
Paraguay,2010,5163.476069,11.09523127,51.0,,4.651162791,71.887,4.57,7.57,0
Qatar,2010,68253.06589,19.59233153,,,-2.425256752,78.425,0.45,8.43,0
Romania,2010,7657.542379,-3.90123628,35.5,34.13583726,6.091416686,73.45853659,6.96,10.67,250
Rwanda,2010,583.9125387,7.33464809,47.2,,-0.246128693,62.54,11.895,4.36,1875
Saudi Arabia,2010,17366.19043,5.039492888,,,5.339416806,75.763,5.55,8.53,0
Sudan,2010,2238.85498,3.858241952,,,12.97766639,63.016,15.13,3.21,1250
Senegal,2010,1163.227588,3.390889253,,,1.228681197,64.615,10.233,2.74,0
Singapore,2010,48752.05154,14.51974971,,101.4497824,2.823661349,81.54146341,4.12,10.81,0
Sierra Leone,2010,537.3789764,6.637492458,,,7.185662757,53.693,4.175,4.23,0
El Salvador,2010,3373.043806,2.154195011,43.5,57.49428662,1.179335769,71.848,4.89,7.77,0
Serbia,2010,5206.086761,0.731044553,,,6.142553602,74.33658537,19.22,10.85,0
Slovenia,2010,20612.58953,1.343748472,24.9,,1.801170221,79.42195122,7.24,11.89,0
Sweden,2010,48369.91004,5.952107008,27.7,43.3019148,1.157988027,81.45121951,8.61,11.64,0
Togo,2010,660.3281589,5.854352693,,,1.445945174,57.304,2.427,5.49,0
Thailand,2010,5082.253593,7.513390533,39.4,26.90084554,3.247588424,76.131,0.62,7.99,1625
Tajikistan,2010,773.6739137,6.499999086,,,6.445314408,67.742,10.889,10.3,1250
Tonga,2010,3649.635356,0.803490183,,,3.534912392,70.323,1.467,10.82,0
Trinidad and Tobago,2010,16766.94077,3.32322471,,,10.54920032,72.725,4.03,10.63,0
Tunisia,2010,3860.622856,2.971132751,35.8,38.7660003,3.338979636,75.421,13.05,7.48,0
Uganda,2010,769.7903701,5.637611637,,,3.976552885,57.055,3.587,5.7,3125
Ukraine,2010,2315.100098,4.092004367,24.8,28.86663662,9.372931051,70.26536585,8.1,11.15,0
Uruguay,2010,14572.76323,7.803409651,44.5,42.46663881,6.69870887,76.858,7.16,8.17,0
South Africa,2010,6018.230754,3.039732881,63.4,,4.089729895,58.899,23.18,9.69,0
Zambia,2010,1198.304817,10.29822332,52.0,17.32151148,8.501761334,56.799,13.19,7.32,0
Zimbabwe,2010,1096.835478,21.45206092,,,3.022670025,50.652,5.189,7.61,0
