Year,Country,PI,GDPPC,GDP_Growth,GINI,Gov_Debt,Inflation,Life_Exp,Unemployment,Edu
1960,Afghanistan,0,,,,,,,,
1960,Albania,0,,,,,,,,
1960,Argentina,6375,,,,,,,,
1960,Australia,312,,,,,,,,
1960,Austria,562,,,,,,,,
1960,Belgium,1562,,,,,,,,
1960,Benin,625,,,,,,,,
1960,Bulgaria,0,,,,,,,,
1960,Bolivia,4312,,,,,,,,
1960,Brazil,625,,,,,,,,
1960,Central African Republic,0,,,,,,,,
1960,Canada,0,,,,,,,,
1960,Switzerland,0,,,,,,,,
1960,Chile,750,,,,,,,,
1960,China,750,,,,,,,,
1960,Cameroon,4687,,,,,,,,
1960,Colombia,1250,,,,,,,,
1960,Costa Rica,1250,,,,,,,,
1960,Cuba,8500,,,,,,,,
1960,Cyprus,437,,,,,,,,
1960,Denmark,0,,,,,,,,
1960,Ecuador,562,,,,,,,,
1960,Spain,2750,,,,,,,,
1960,Finland,250,,,,,,,,
1960,France,2812,,,,,,,,
1960,Gabon,0,,,,,,,,
1960,United Kingdom,1062,,,,,,,,
1960,Ghana,1500,,,,,,,,
1960,Greece,0,,,,,,,,
1960,Guatemala,4750,,,,,,,,
1960,Honduras,250,,,,,,,,
1960,Haiti,812,,,,,,,,
1960,Hungary,0,,,,,,,,
1960,Indonesia,1875,,,,,,,,
1960,India,7000,,,,,,,,
1960,Ireland,0,,,,,,,,
1960,Iraq,2000,,,,,,,,
1960,Iceland,0,,,,,,,,
1960,Israel,250,,,,,,,,
1960,Italy,3250,,,,,,,,
1960,Jordan,1562,,,,,,,,
1960,Japan,5937,,,,,,,,
1960,Cambodia,0,,,,,,,,
1960,Liberia,0,,,,,,,,
1960,Sri Lanka,312,,,,,,,,
1960,Luxembourg,0,,,,,,,,
1960,Morocco,2312,,,,,,,,
1960,Mexico,625,,,,,,,,
1960,Mali,1875,,,,,,,,
1960,Mongolia,0,,,,,,,,
1960,Mauritania,0,,,,,,,,
1960,Malaysia,1250,,,,,,,,
1960,Niger,250,,,,,,,,
1960,Nicaragua,2500,,,,,,,,
1960,Netherlands,250,,,,,,,,
1960,Norway,0,,,,,,,,
1960,Nepal,2437,,,,,,,,
1960,New Zealand,0,,,,,,,,
1960,Pakistan,0,,,,,,,,
1960,Panama,500,,,,,,,,
1960,Peru,0,,,,,,,,
1960,Philippines,1500,,,,,,,,
1960,Poland,750,,,,,,,,
1960,Portugal,0,,,,,,,,
1960,Paraguay,6500,,,,,,,,
1960,Romania,0,,,,,,,,
1960,Saudi Arabia,1875,,,,,,,,
1960,Sudan,0,,,,,,,,
1960,Senegal,0,,,,,,,,
1960,El Salvador,2375,,,,,,,,
1960,Sweden,0,,,,,,,,
1960,Togo,0,,,,,,,,
1960,Thailand,0,,,,,,,,
1960,Tunisia,0,,,,,,,,
1960,Uruguay,375,,,,,,,,
1960,South Africa,6375,,,,,,,,
1965,Afghanistan,0,,,,,,32.535,,0.37
1965,Albania,0,,,,,,54.439,,2.98
1965,Argentina,625,7410.305029,,,,,63.978,,5.67
1965,Australia,0,19904.94341,,,,3.728813559,70.81707317,,8.53
1965,Austria,0,12051.15117,,,,1.945749352,68.58560976,,5.86
1965,Burundi,.,,,,,,,,
1965,Belgium,562,11734.30617,,,,0.299467255,69.70195122,,7.22
1965,Benin,5625,657.2189415,,,,,38.181,,0.61
1965,Bulgaria,250,,,,,,69.24756098,,4.99
1965,Bolivia,6062,1275.17751,,,,11.53315258,43.1,,3.06
1965,Brazil,125,2578.429025,,,,,52.66,,2.55
1965,Central African Republic,0,583.648968,,,,,39.236,,0.5
1965,Canada,312,,,,,1.358695652,71.13317073,,8.34
1965,Switzerland,0,,,,,1.438794703,71.31341463,,9.04
1965,Chile,1000,3288.607468,,,,,57.015,,5.22
1965,China,0,238.217052,,,,,33.275,,2.51
1965,Cameroon,0,943.2784617,,,,,34.819,,1.08
1965,Colombia,1812,1951.042877,,,,5.814076282,57.13,,3.05
1965,Costa Rica,0,3558.990682,,,,0.790205818,60.415,,3.89
1965,Cuba,250,,,,,,64.173,,3.99
1965,Cyprus,1250,,,,,0.827300931,64.187,,5.14
1965,Denmark,125,18107.37593,,,,1.255230126,72.17658537,,5.06
1965,Algeria,.,,,,,,,,
1965,Ecuador,812,2529.871341,,,,1.676599126,53.364,,3.22
1965,Spain,250,6215.036283,,,,1.177771084,69.10926829,,4.18
1965,Finland,0,11425.29343,,,,3.418127254,68.8197561,,4.18
1965,France,312,11169.64724,,,,4.139935755,69.86829268,,4.2
1965,Gabon,0,3304.691632,,,,,46.575,,1.01
1965,United Kingdom,125,14914.88076,,,,1.003575704,71.12682927,,6.86
1965,Ghana,250,1107.988683,,,,,47.096,,1.05
1965,Greece,2312,5030.743562,,,,1.477847585,69.3,,7.39
1965,Guatemala,2187,1854.789665,,,,-1.190693153,45.808,,1.4
1965,Honduras,0,1197.05629,,,,-1.746238157,48.317,,1.92
1965,Haiti,1562,1716.037591,,,,-5.030041596,43.499,,0.8
1965,Hungary,250,,,,,,68.00317073,,7.43
1965,Indonesia,5375,597.1474028,,,,39.59044369,46.452,,1.57
1965,India,5187,305.7892575,,,,1.779877847,45.218,,1.13
1965,Ireland,0,,,,,0.450837269,70.19426829,,6.72
1965,Iraq,3125,,,,,3.478237904,52.618,,0.5
1965,Iceland,0,,,,,1.988397239,73.76204878,,6.14
1965,Israel,125,,,,,2.228112421,,,7.66
1965,Italy,0,9687.647006,,,,2.350161414,69.12390244,,4.86
1965,Jamaica,.,,,,,,,,
1965,Jordan,0,,,,,,52.617,,2.41
1965,Japan,125,6260.67597,,,,3.574511525,67.69560976,,7.76
1965,Kenya,.,,,,,,,,
1965,Cambodia,0,,,,,,42.361,,1.18
1965,Kuwait,.,,,,,,,,
1965,Liberia,0,,,,,,38.33,,0.73
1965,Sri Lanka,0,,,,,-1.544676806,60.699,,3.98
1965,Luxembourg,0,25520.18243,,,,0.449620296,68.59253659,,4.51
1965,Morocco,812,,,,,3.424299065,42.017,,0.49
1965,Maldives,.,,,,,,,,
1965,Mexico,0,4197.98229,,,,4.927518869,55.017,,2.52
1965,Mali,0,,,,,,29.754,,0.2
1965,Malta,.,,,,,,,,
1965,Mongolia,0,,,,,,44.984,,2.52
1965,Mauritania,0,,,,,,44.767,,1.43
1965,Malawi,.,,,,,,,,
1965,Malaysia,1750,1286.103398,,,,0.063182598,56.502,,2.83
1965,Niger,0,744.026216,,,,,36.404,,0.38
1965,Nicaragua,0,1665.422616,,,,,46.125,,2.17
1965,Netherlands,0,14276.87006,,,,2.323943662,73.39268293,,6.19
1965,Norway,0,19134.05988,,,,0.360492347,73.5497561,,7.48
1965,Nepal,0,325.7304275,,,,,38.559,,0.13
1965,New Zealand,0,,,,,0.697929234,71.23658537,,9.9
1965,Pakistan,312,411.7556261,,,,6.947368421,44.932,,1.15
1965,Panama,437,2723.059769,,,,0.051177072,60.702,,4.59
1965,Peru,1500,2704.879948,,,,8.664459163,50.495,,3.21
1965,Philippines,1375,1100.310897,,,,4.15482178,59.227,,3.46
1965,Poland,0,,,,,,67.6804878,,6.04
1965,Portugal,750,3934.944738,,,,3.046592778,64.00746341,,2.28
1965,Paraguay,0,1499.155404,,,,8.181818182,60.423,,3.43
1965,Romania,0,,,,,,65.86053659,,5.18
1965,Rwanda,.,,,,,,,,
1965,Saudi Arabia,0,,,,,,45.94,,2.71
1965,Sudan,3937,1407.0625,,,,0.092240286,46.603,,0.48
1965,Senegal,0,1174.819175,,,,,39.878,,2.08
1965,Singapore,.,,,,,,,,
1965,Sierra Leone,.,,,,,,,,
1965,El Salvador,0,,,,,-0.038974199,48.084,,1.97
1965,Sweden,0,16525.36105,,,,4.141779151,73.00560976,,7.56
1965,Togo,0,455.2586622,,,,,42.692,,0.49
1965,Thailand,1250,598.1496473,,,,-0.765864333,51.035,,2.55
1965,Trinidad and Tobago,.,,,,,,,,
1965,Tunisia,0,,,,,,43.94,,0.92
1965,Uganda,.,,,,,,,,
1965,Uruguay,250,6636.645979,,,,38.5040374,67.772,,4.87
1965,South Africa,250,3974.033611,,,,1.288859035,52.669,,4.39
1965,Zambia,.,,,,,,,,
1965,Zimbabwe,.,,,,,,,,
1970,Afghanistan,375,,,,,,34.953,,0.42
1970,Albania,0,,,,,,60.019,,3.41
1970,Argentina,17687,8241.529337,10.56943334,,,,64.593,,5.94
1970,Australia,625,22455.04559,5.980351,,,3.405572755,70.8502439,,8.93
1970,Austria,250,14471.82132,3.480174918,,,4.930916377,69.72219512,,6.69
1970,Burundi,0,277.1879515,3.967225609,,,,42.005,,0.81
1970,Belgium,250,14489.4451,3.56065984,,,4.065201375,70.62536585,,7.33
1970,Benin,375,706.9956759,5.293862829,,,,40.184,,0.76
1970,Bulgaria,0,,,,,,71.29390244,,4.45
1970,Bolivia,18000,1442.2216,4.913441956,,,2.860286029,44.712,,3.57
1970,Brazil,7500,2746.258042,2.4,,,,55.084,,2.85
1970,Barbados,0,,,,,,,,
1970,Botswana,0,,,,,,,,
1970,Central African Republic,0,548.1902908,0.947578712,,,,41.929,,0.6
1970,Canada,6312,,6.316714176,,,2.332657201,71.87219512,,8.65
1970,Switzerland,0,,,,,3.414478608,72.20170732,,9.36
1970,Chile,11000,3571.140673,0.950272505,,,,59.455,,5.66
1970,China,812,232.6072068,16.95,,,,52.912,,3.11
1970,Cameroon,0,969.43166,2.026053715,,,,43.889,,1.43
1970,Colombia,2687,2107.61036,3.60001139,,,7.590683669,59.815,,3.42
1970,Costa Rica,0,3850.155204,8.190527594,,,-0.665000001,62.663,,4.12
1970,Cuba,2750,,,,,,66.318,,4.49
1970,Cyprus,4312,,,,,0.202839757,67.052,,5.54
1970,Denmark,0,22519.81153,4.555254814,,,5.449999999,72.37073171,,5.72
1970,Algeria,0,2030.636067,6.206898211,,,,42.714,,1.1
1970,Ecuador,6562,2734.524124,3.275082488,,,3.069070662,55.664,,3.9
1970,Spain,4875,8932.557047,6.253134899,,,13.21413784,70.80926829,,4.48
1970,Finland,250,14065.67368,5.302857802,,,4.940588068,68.97780488,,4.84
1970,Fiji,0,,,,,,,,
1970,France,6687,14089.58455,4.861507696,,,2.703104559,70.81219512,,4.65
1970,Gabon,0,4591.270721,8.33333566,,,2.438473696,49.752,,1.42
1970,United Kingdom,2750,16876.01736,2.142176544,,,4.773774554,71.62439024,,7.46
1970,Ghana,250,1139.535293,1.36899887,,,26.44478485,47.778,,1.95
1970,Greece,4000,7549.407366,10.76801051,,,3.22087247,71.42831707,,6.41
1970,Guatemala,11750,2071.636654,4.361769315,,,-0.8,47.814,,1.48
1970,Guyana,0,,,,,,,,
1970,Honduras,250,1327.81998,9.037156489,,,3.18627451,51.465,,2.1
1970,Haiti,3687,1616.856302,2.161797861,,,2.263942573,45.351,,0.95
1970,Hungary,0,,,,,,69.07121951,,7.6
1970,Indonesia,1000,574.8178081,1.081589467,,,306.7631103,42.599,,2.17
1970,India,11000,322.823222,-2.63577011,,,9.474758592,44.98,,1.3
1970,Ireland,1250,,,,,4.988123515,70.695,,7.09
1970,Iraq,3625,,,,,-0.455580866,56.616,,0.85
1970,Iceland,0,,7.371729299,,,7.317069428,73.86878049,,6.56
1970,Israel,2000,,9.093965599,,,7.708333264,,,8.11
1970,Italy,5000,12023.41272,3.26802372,,,4.519268307,70.17170732,,5.23
1970,Jamaica,0,,,,,2.631578947,65.972,,4.4
1970,Jordan,26125,,,,,,57.415,,3.0
1970,Japan,375,9319.706558,5.819707873,,,6.655990943,70.26682927,,7.48
1970,Kenya,0,761.8561928,2.009094171,,,3.578528828,51.7,,1.69
1970,Cambodia,51625,,,,,,44.789,,1.46
1970,Kuwait,0,,,,,,62.219,,2.85
1970,Liberia,0,,,,,,38.812,,0.93
1970,Sri Lanka,625,671.0563375,2.536953536,,,0.222783306,62.637,,4.33
1970,Lesotho,4875,,,,,,,,
1970,Luxembourg,0,28173.26665,-0.734933604,,,3.333679329,69.02541463,,5.33
1970,Morocco,250,,,,,3.48282122,45.973,,0.71
1970,Maldives,0,,,,,,41.383,,3.66
1970,Mexico,250,5072.63136,7.099999997,,,3.568038657,58.499,,2.96
1970,Mali,0,,,,,,30.623,,0.24
1970,Malta,250,,,,,1.602218456,68.40156098,,4.86
1970,Mongolia,0,,,,,,49.619,,3.21
1970,Mauritania,0,1614.388784,16.1383305,,,,48.059,,1.52
1970,Mauritius,0,,,,,,,,
1970,Malawi,0,287.9254959,13.61649342,,,,35.724,,1.21
1970,Malaysia,6250,1545.430486,7.684863475,,,-0.105485232,60.95,,3.39
1970,Niger,0,867.0845952,6.919761818,,,4.373757456,36.753,,0.4
1970,Nicaragua,0,2312.252303,9.525155826,,,,50.193,,2.58
1970,Netherlands,250,17423.25487,8.643094936,,,3.908037828,73.56878049,,7.31
1970,Norway,250,23074.75689,5.285608801,,,4.18722444,73.72317073,,7.86
1970,Nepal,0,331.4827022,-1.203189018,,,8.471869328,40.446,,0.27
1970,New Zealand,250,,,,,3.397489756,71.22682927,,9.97
1970,Pakistan,1625,521.8020801,10.41936582,,,5.568635479,49.444,,1.39
1970,Panama,312,3478.936629,9.160036262,,,0.461613217,63.558,,4.84
1970,Peru,500,3238.783309,5.621733449,,,16.38996139,53.183,,3.7
1970,Philippines,8375,1234.291002,5.345089329,,,2.564102564,60.898,,3.93
1970,Poland,2625,,,,,,69.42926829,,6.72
1970,Portugal,5562,5271.646673,7.46898853,,,3.424927777,65.96046341,,2.46
1970,Paraguay,250,1695.689752,6.167974756,,,3.859298158,61.819,,3.69
1970,Romania,250,,,,,,67.70726829,,5.59
1970,Rwanda,0,272.5155651,7.009529255,,,,48.282,,0.94
1970,Saudi Arabia,0,,,,,0.389105059,48.782,,3.05
1970,Sudan,9000,1348.700562,6.777074073,,,-2.446029391,46.935,,0.59
1970,Senegal,0,1124.694523,1.332189491,,,,39.838,,2.11
1970,Singapore,2750,4214.509287,7.834260465,,,0.178611297,67.5125122,,4.36
1970,Sierra Leone,312,562.0935194,7.180155792,,,,36.363,,0.67
1970,El Salvador,0,2653.550905,,,,0.456974673,50.897,,2.36
1970,Sweden,250,20583.86673,3.821507586,,,5.012771296,73.86170732,,7.96
1970,Togo,1875,666.0528801,15.45971271,,,,43.97,,0.61
1970,Thailand,6875,727.2735879,8.181661538,,,0.166333998,54.712,,2.28
1970,Tonga,0,,,,,,,,
1970,Trinidad and Tobago,4125,5236.750084,0.693850281,,,1.781617984,64.147,,5.98
1970,Tunisia,250,1089.602213,,,,,48.428,,1.3
1970,Uganda,1000,,,,,,48.24,,1.24
1970,Uruguay,5000,6549.795621,1.045604054,,,56.55655656,68.294,,5.2
1970,South Africa,1500,4640.319987,6.122798096,,,4.069028735,54.192,,4.45
1970,Zambia,0,1368.07826,16.64745596,,,,50.563,,2.57
1970,Zimbabwe,3125,1157.207401,4.910570587,,,,55.459,,2.51
1975,Afghanistan,0,,,,,,37.418,,0.69
1975,Albania,0,,,,,,64.824,,4.28
1975,United Arab Emirates,0,,,,,,,,
1975,Argentina,8937,9257.895572,3.045643319,,,,65.589,,6.31
1975,Australia,500,26829.52862,7.175799265,,,3.439153439,71.01853659,,9.7
1975,Austria,0,18101.99195,6.321142632,,,4.372824416,69.91463415,,7.4
1975,Burundi,0,350.7127782,21.32567073,,,-0.199650611,43.041,,1.06
1975,Belgium,0,17849.49471,5.582858284,,,3.908472385,70.97195122,,7.66
1975,Benin,1875,730.5233477,2.097757581,,,,42.189,,0.84
1975,Bangladesh,3937,,,,,,,,
1975,Bulgaria,0,,,,,,71.25634146,,6.13
1975,Bahrain,0,,,,,,,,
1975,Bolivia,250,1759.665165,5.231029301,,,3.955509211,46.597,,4.0
1975,Brazil,0,3558.852333,10.4,,,,57.171,,3.29
1975,Barbados,0,,,,,7.284216374,68.272,,8.31
1975,Botswana,0,782.9417105,17.12026767,,,,55.197,,2.14
1975,Central African Republic,0,574.0636177,2.332880877,,,,45.072,,0.82
1975,Canada,250,,,,,3.346039814,72.7004878,,9.14
1975,Switzerland,0,,,,,3.615986786,73.0202439,,9.72
1975,Chile,312,4133.493945,1.82896697,,,,62.491,,6.09
1975,China,750,283.5853563,19.3,,,,56.607,,3.82
1975,Cameroon,0,916.2852853,3.092068234,,,5.858085809,47.583,,1.81
1975,Colombia,2000,2410.399192,6.207796961,,,6.908622758,61.569,,3.91
1975,Costa Rica,0,4623.012974,7.503134343,,,4.652297493,65.361,,3.94
1975,Cuba,0,2606.719691,,,,,68.398,,5.3
1975,Cyprus,125,,,,,2.40018825,68.927,,5.88
1975,Denmark,0,26927.95904,1.596841805,,,6.514841417,73.34341463,,6.78
1975,Algeria,250,2483.445445,8.86265711,,,6.599999999,43.16,,1.55
1975,Ecuador,1875,2810.64323,6.87192933,,,5.17127612,57.152,,4.42
1975,Spain,5500,11436.03312,4.289182957,,2002.510415,5.731144843,72.02731707,,5.59
1975,Finland,250,17128.63075,4.813736796,,,2.740420431,70.1795122,,5.73
1975,Fiji,0,2697.40889,12.70271113,,,4.124178563,61.713,,5.57
1975,France,2812,17605.63897,6.108679813,37.1,,5.299641246,71.65853659,,4.75
1975,Gabon,0,5515.177414,8.679342176,,,3.812664908,52.555,,1.82
1975,United Kingdom,3437,19284.48692,4.308885985,28.0,,6.366568417,71.97317073,,7.91
1975,Ghana,0,1159.638305,9.723472587,,,3.030303031,47.805,,3.06
1975,Greece,2750,10726.71543,8.56477754,,,2.841670679,72.77080488,,6.52
1975,Guatemala,0,2398.718594,5.707883598,,,2.344339349,49.439,,1.72
1975,Guyana,0,3119.135607,4.255456893,,,,60.469,,5.66
1975,Honduras,3250,1423.992853,3.62672094,,,2.880886427,54.44,,2.33
1975,Haiti,0,1549.119432,0.651153708,,,1.368493407,47.337,,1.18
1975,Hungary,0,,,,,,69.16463415,,8.08
1975,Indonesia,0,670.1360337,7.554634515,,,12.39946465,52.992,,2.84
1975,India,3125,361.4861218,5.157229737,,,5.09226162,48.241,,1.61
1975,Ireland,0,12100.73159,,,,8.207190161,70.90156098,,7.67
1975,Iraq,3125,1289.328883,4.544357067,,,4.355595265,60.186,,1.43
1975,Iceland,0,,,,,13.37247515,73.93390244,,7.01
1975,Israel,0,,,,,6.110742036,71.21341463,,8.66
1975,Italy,4500,15736.18363,5.268692979,,,4.968319873,71.55878049,,5.63
1975,Jamaica,0,4812.562072,12.06440904,,,14.7280042,66.702,,4.86
1975,Jordan,0,,,,,5.899999999,59.87,,3.47
1975,Japan,562,14114.31582,2.454958384,,,6.924173835,71.9197561,,7.83
1975,Kenya,1312,824.2403319,-4.655446916,,,2.188527039,53.575,,2.17
1975,Cambodia,3375,,,,,,39.129,,1.82
1975,Kuwait,0,,,,,,66.53,,3.27
1975,Liberia,0,,,,,,40.599,,1.15
1975,Sri Lanka,312,790.7999592,3.846629857,,,5.866956078,65.267,,6.38
1975,Lesotho,0,310.2667207,2.177071169,,,,51.012,,3.55
1975,Luxembourg,0,35513.80099,11.09445281,,,4.639353444,69.59321951,,6.21
1975,Morocco,0,1029.484741,4.713460376,,,1.279181324,48.807,,0.98
1975,Maldives,1875,,,,,,45.068,,4.02
1975,Mexico,1687,5835.13102,6.502484035,,,5.003412055,60.69,,3.39
1975,Mali,0,359.2371061,6.136954863,,,,32.532,,0.29
1975,Malta,0,3135.285472,,,,3.715658848,69.06556098,,5.82
1975,Mongolia,0,,,,,,52.678,,3.56
1975,Mozambique,3375,,,,,,,,
1975,Mauritania,0,1801.726935,11.98593115,,,,51.038,,1.66
1975,Mauritius,0,,,,,1.541865943,61.00036585,,4.93
1975,Malawi,0,322.7075608,0.479297978,,,,36.731,,1.57
1975,Malaysia,1562,1832.258725,5.98653863,,,1.843935966,63.111,,4.2
1975,Niger,0,734.0142362,3.055778922,,,1.117838845,36.062,,0.44
1975,Nicaragua,1250,2376.803107,1.35382659,,,,54.95,,3.03
1975,Netherlands,0,21362.84766,6.140181648,,,3.668930888,73.58560976,,8.2
1975,Norway,0,26735.83041,2.344780828,,,10.63720653,74.08804878,,8.32
1975,Nepal,0,338.5348344,2.575992127,,,15.23727845,42.827,,0.5
1975,New Zealand,0,,,,,6.517181052,71.27317073,,10.93
1975,Pakistan,625,640.9175865,11.35346172,,,5.34984091,54.76,,1.58
1975,Panama,125,4357.457066,6.959226108,,,3.083294984,65.083,,5.21
1975,Peru,3000,3389.141331,3.365946003,,,5.025235901,47.16,,4.36
1975,Philippines,3812,1355.372201,3.692487487,,,14.38146168,61.692,,4.71
1975,Papua New Guinea,.,,,,,,,,
1975,Poland,0,,,,,,69.86829268,,7.35
1975,Portugal,6312,7658.74429,12.61260546,,,6.38014449,67.07317073,,2.93
1975,Paraguay,0,1940.184144,5.553425733,,,-0.859556021,62.684,,4.14
1975,Qatar,0,,,,,,,,
1975,Romania,0,,,,,,67.48241463,,6.7
1975,Rwanda,0,337.4152395,6.001425247,,,0.514885808,47.153,,1.16
1975,Saudi Arabia,312,20457.64113,58.64733065,,,0.177777778,52.715,,3.22
1975,Sudan,1875,1267.748047,5.925074716,,,4.02779565,45.534,,0.73
1975,Senegal,0,1063.996691,8.562045515,,,2.810248199,40.825,,2.29
1975,Singapore,0,6997.199029,13.942003,,,0.463352991,68.91312195,,5.2
1975,Sierra Leone,0,623.8725906,8.62049324,,,,38.793,,0.84
1975,El Salvador,312,2897.824941,2.977295093,,,2.817853922,51.41,,2.83
1975,Sweden,0,24388.29821,7.28920626,,,7.016358851,74.64926829,,8.45
1975,Togo,0,760.0629908,2.524302645,,,4.480620155,46.12,,0.85
1975,Thailand,2625,973.9183257,11.40794907,,,-0.088041086,57.711,,2.51
1975,Tonga,0,,,,,,63.232,,7.09
1975,Trinidad and Tobago,0,5842.377429,3.533635678,,,2.523900574,65.057,,6.4
1975,Tunisia,0,1206.97075,4.669631773,,,,53.87,,1.79
1975,Uganda,0,,,,,,49.616,,1.52
1975,Uruguay,0,6896.110953,2.333213381,,,16.30614494,68.904,,5.7
1975,South Africa,2062,5115.283567,5.248661431,,,4.991877117,55.579,,4.61
1975,Zambia,0,1258.313938,4.797112903,,,,51.493,,2.98
1975,Zimbabwe,2437,1529.055965,22.56515084,,,,57.032,,3.01
1980,Afghanistan,4562,,,,,,40.1,,0.92
1980,Albania,0,,,,,,68.328,,5.35
1980,United Arab Emirates,125,105688.0871,,,,,65.08,,2.99
1980,Argentina,0,9935.938635,-0.028412104,,,,67.081,,6.85
1980,Australia,0,28257.95551,1.336442809,,,15.16245487,72.62536585,,10.52
1980,Austria,250,21629.0463,-0.363735434,,,8.445258639,71.11463415,,7.7
1980,Burundi,0,336.2171918,0.697920236,,,15.7098746,42.982,,1.28
1980,Belgium,500,20997.20683,-1.965941566,,,12.76819859,71.97121951,,8.03
1980,Benin,0,698.4851507,-4.895345447,,,,44.681,,0.94
1980,Bangladesh,1250,388.8845857,-4.088214092,,,,50.292,,1.57
1980,Bulgaria,0,,,,,,71.0497561,,7.07
1980,Bahrain,0,,,,,16.15978212,68.466,,4.02
1980,Bolivia,2937,2085.031682,7.311017731,,,7.976746025,48.826,,4.6
1980,Brazil,0,5097.708332,5.166649084,,,,59.353,,2.9
1980,Barbados,0,11321.75328,-1.900000001,,,20.29446876,69.921,,7.65
1980,Botswana,0,1449.496291,8.446250381,,,11.97475502,57.998,,2.74
1980,Central African Republic,0,571.6697629,0.404987104,,,,47.913,,1.15
1980,Canada,0,,,34.1,,10.6721886,73.52170732,,9.7
1980,Switzerland,312,,,,,6.696595225,74.66560976,,10.34
1980,Chile,625,3499.085565,-12.91210105,,,374.7352742,66.279,,6.57
1980,China,250,337.344119,8.719999998,,,,60.917,,4.48
1980,Cameroon,0,1102.132116,11.24505878,,,13.55332941,49.718,,2.42
1980,Colombia,1875,2836.5515,2.323255281,,,23.43750257,64.27,,4.36
1980,Costa Rica,0,5446.368574,2.100071049,,,17.36920202,69.4,,5.15
1980,Cuba,0,3163.012111,9.476426069,,,,71.079,,6.23
1980,Cyprus,0,6172.914551,,,,4.63948584,70.518,,6.68
1980,Denmark,0,28480.35548,-1.456644936,,,9.605612075,74.07512195,,7.46
1980,Algeria,0,2885.756037,5.045341613,,,8.230316653,46.972,,2.11
1980,Ecuador,0,3832.383151,10.972154,,,14.28967429,60.232,,4.92
1980,Spain,2875,14009.77548,0.542203214,,,16.95328593,73.31878049,,5.91
1980,Finland,0,20764.33697,1.804898277,,,17.81139723,71.67365854,,6.74
1980,Fiji,0,3269.263393,0.530211189,,,13.06488098,61.852,,6.25
1980,France,0,20498.34808,-0.959884746,35.9,,11.68592725,72.85365854,,5.76
1980,Gabon,0,11165.45181,19.19011491,,,28.45294264,55.035,,2.6
1980,United Kingdom,1562,21098.37436,-1.473649486,27.9,,24.20728767,72.72439024,,8.25
1980,Ghana,0,994.1550192,-12.43162902,,,29.8245614,49.246,,3.86
1980,Greece,625,13323.56426,6.366808843,,,13.62876178,73.37636585,,6.79
1980,Guatemala,10625,2800.958259,1.949990822,,,13.15924438,54.824,,2.01
1980,Guyana,1062,3479.407198,8.483021514,,,,60.819,,6.04
1980,Honduras,0,1467.559857,2.130681763,,,8.376162506,57.548,,2.64
1980,Haiti,750,1704.787037,1.122754491,,,16.77357032,48.681,,1.5
1980,Hungary,0,,,,,3.842159918,69.29,,8.57
1980,Indonesia,1562,825.3391251,5.607476636,,,19.16569713,55.968,,3.19
1980,India,7125,372.7127029,9.149912016,,,5.748430298,50.812,,2.01
1980,Ireland,0,14260.78132,5.656644723,,,20.87585034,71.75304878,,8.42
1980,Iraq,0,1623.35928,12.49066468,,,9.517177344,61.464,,1.97
1980,Iceland,0,,,,,49.36133823,75.57878049,,7.43
1980,Israel,750,,,,,39.30673102,72.04512195,,9.56
1980,Italy,1937,17846.97455,-2.090162915,,,16.95050257,72.64731707,,6.16
1980,Jamaica,1250,4875.879419,-0.256092257,,,17.37614679,68.048,,5.42
1980,Jordan,0,,,,,11.97982346,63.961,,4.01
1980,Japan,125,16333.67482,3.091575916,,,11.73126615,74.24707317,,8.38
1980,Kenya,0,1101.576565,0.882203175,,,19.12018401,55.826,,2.66
1980,Cambodia,3125,,,,,,11.995,,2.2
1980,Kuwait,0,,,,,8.392370572,67.892,,3.51
1980,Liberia,4750,,,,,,42.774,,1.66
1980,Sri Lanka,0,853.5598006,6.126233161,,,6.625992553,66.237,,6.72
1980,Lesotho,0,332.3169723,-13.51349756,,,14.21193968,52.987,,3.91
1980,Luxembourg,0,38729.56046,-6.571372925,,,10.71767113,70.29860976,,7.92
1980,Morocco,0,1156.069336,7.558221561,,,7.918289267,51.244,,1.35
1980,Maldives,1875,,,,,,50.519,,4.3
1980,Mexico,0,6773.990303,5.744485049,,,14.94453464,62.81,,4.09
1980,Mali,2937,388.7285696,11.62504914,,,,36.225,,0.45
1980,Malta,0,4634.093261,19.56008086,,,8.791666666,71.53163415,,6.57
1980,Mongolia,0,,,,,,55.65,,5.65
1980,Mozambique,3125,,,,,,42.582,,0.95
1980,Mauritania,1875,1593.355985,-5.134374447,,,,52.65,,1.83
1980,Mauritius,0,,,,,14.73832327,62.35580488,,5.09
1980,Malawi,0,405.8694051,6.086823806,,,,40.222,,1.86
1980,Malaysia,0,2386.13883,0.801068092,,,4.487722269,65.712,,4.82
1980,Namibia,.,,,,,,,,
1980,Niger,0,564.2901321,-2.793193436,,,9.115802051,36.588,,0.52
1980,Nicaragua,250,2605.505218,-0.153246894,,,,56.036,,3.32
1980,Netherlands,125,24009.75801,0.002028862,,,10.21747579,74.49878049,,8.93
1980,Norway,0,32814.91571,4.95210308,,,11.68922348,74.81756098,,8.54
1980,Nepal,312,332.4547424,1.456470709,,,7.585985214,45.04,,0.72
1980,New Zealand,250,,,,,14.68498347,72.2195122,,11.71
1980,Pakistan,437,652.6603355,4.211415631,,,20.90450946,55.905,,1.88
1980,Panama,250,4794.535852,1.74091944,,,5.881041307,68.079,,5.89
1980,Peru,0,3906.306872,4.300863165,,,23.6187353,57.905,,5.32
1980,Philippines,2062,1577.253812,5.45110287,,,6.761402705,61.704,,5.49
1980,Papua New Guinea,0,2212.994687,-0.879884165,,,10.49099258,55.039,,1.7
1980,Poland,500,,,,,2.25631769,70.56097561,,7.91
1980,Portugal,250,9059.007114,-4.347630545,,,15.27168575,68.3097561,,3.8
1980,Paraguay,0,2407.522054,6.852444714,,,6.693060084,63.445,,4.68
1980,Qatar,0,,,,,,69.008,,4.27
1980,Romania,0,,,,,,69.61390244,,7.66
1980,Rwanda,1875,303.3373942,-2.113825424,,,30.22604657,44.698,,1.44
1980,Saudi Arabia,0,30798.99802,-8.928614314,,,34.57610634,58.068,,3.73
1980,Sudan,0,1358.643677,15.71346645,,,23.96304764,53.377,,0.96
1980,Senegal,0,1034.713392,7.535662599,,,31.65342332,44.099,,2.45
1980,Singapore,0,9974.220918,3.988738626,,,2.536531569,70.78343902,,5.07
1980,Sierra Leone,0,637.2118172,1.669216524,,,,41.173,,1.1
1980,El Salvador,14187,3223.248693,2.923531889,,,19.08849965,54.875,,3.24
1980,Sweden,250,27202.34389,2.552862643,24.3,,9.779873988,74.98463415,,9.24
1980,Togo,0,798.6720683,2.440541184,,,18.0121995,48.729,,1.82
1980,Thailand,250,1126.707397,4.970405228,,,5.330097087,61.272,,3.01
1980,Tonga,0,,,,,,64.844,,7.67
1980,Trinidad and Tobago,250,6273.725024,1.477965371,,,16.97906047,66.786,,6.93
1980,Tunisia,0,1581.540827,7.156099909,,,,59.468,,2.45
1980,Uganda,2125,,,,,,46.267,,1.93
1980,Uruguay,0,7219.41108,6.096914313,,,81.40538401,69.335,,6.16
1980,South Africa,6875,5309.53323,1.695433779,,,13.42594187,57.512,,4.83
1980,Zambia,1875,1228.056966,-2.269328924,,,,54.239,,3.65
1980,Zimbabwe,2812,1651.778658,-1.931223239,,,,57.552,,3.45
1985,Afghanistan,3125,,,,,,39.618,,1.22
1985,Albania,0,1740.505838,,,,,70.478,,6.39
1985,United Arab Emirates,0,118141.5296,23.87477491,,,,68.53,,3.89
1985,Argentina,250,10270.95612,1.51878395,40.8,,,68.564,,7.3
1985,Australia,0,30717.75614,3.035697656,,,10.13584117,74.33365854,,11.2
1985,Austria,0,25520.74056,1.731485595,,,6.328325362,72.46341463,,7.89
1985,Burundi,0,357.6831341,0.991055725,,,2.4985195,45.406,,1.45
1985,Belgium,375,24393.29818,4.444053876,,,6.648688297,73.20707317,,8.5
1985,Benin,0,750.9600069,6.781763868,,,,47.877,,1.22
1985,Bangladesh,687,424.8097167,0.819141869,,,,51.85,,2.25
1985,Bulgaria,0,3431.521297,,,,,71.15756098,,7.84
1985,Bahrain,0,21290.94332,,,,3.869525059,70.826,,4.93
1985,Belize,0,,,,,,,,
1985,Bolivia,1437,2062.969046,-1.371772911,,,47.2416501,51.181,,5.48
1985,Brazil,0,6415.637813,9.2,,,,61.781,,3.04
1985,Barbados,0,14092.7504,4.373064814,,,14.43051972,71.921,,7.31
1985,Botswana,0,2000.663608,11.98690139,,,13.63242515,60.646,,3.12
1985,Central African Republic,0,557.8779777,-4.478638848,,,,49.889,,1.66
1985,Canada,0,,,,,10.12922051,75.10219512,,10.15
1985,Switzerland,0,59771.44922,,,,4.022500848,75.45926829,,11.06
1985,Chile,3937,4693.440823,7.986620757,,,35.13834053,68.84,,6.95
1985,China,125,430.8554098,7.834145016,,,,64.42,,5.31
1985,Cameroon,0,1304.507919,-1.965291668,,,9.551754276,51.041,,3.04
1985,Colombia,1250,3291.47155,4.087353676,,,26.55265315,66.868,,4.89
1985,Costa Rica,0,6150.928664,0.751895403,,,18.1351708,72.899,,6.11
1985,Cuba,0,3605.158775,-4.849442951,,,,72.752,,8.06
1985,Cyprus,125,10667.1416,5.753244702,,,13.51756058,71.95,,7.5
1985,Denmark,250,32073.64132,-0.482986337,,,12.30532408,74.10170732,,8.14
1985,Algeria,0,3268.442983,0.790606972,,,9.517824498,53.261,,2.81
1985,Ecuador,0,4153.604764,3.708682969,,,11.90928938,63.191,,6.15
1985,Spain,1375,14727.28352,2.208728107,34.5,,15.5619021,75.34926829,,6.81
1985,Finland,0,23921.61452,5.38904788,,,11.59461925,73.44,,7.56
1985,Fiji,0,3574.119771,-1.603456935,,,14.49287441,62.734,,7.04
1985,France,750,23618.39962,1.57874526,,,13.56257885,74.05121951,,5.96
1985,Gabon,0,9174.080738,2.552937158,,,12.34035926,57.454,,3.31
1985,United Kingdom,1937,23524.83697,-2.03136782,28.5,,17.96592427,73.67560976,,8.41
1985,Ghana,0,896.7450472,0.471695943,,,50.07013934,51.117,,4.53
1985,Greece,937,15332.89431,0.677131487,,,24.67589397,74.54626829,,7.1
1985,Guatemala,2000,3291.730582,3.75997816,,,10.82384323,56.024,,2.86
1985,Guyana,0,3231.776126,1.733889727,,,,61.229,,6.49
1985,Honduras,1562,1723.831533,0.599354053,,,18.06154304,60.485,,3.62
1985,Haiti,250,2134.257107,7.374687919,,,17.77830525,49.902,,1.99
1985,Hungary,0,,,,,9.285857439,69.06170732,,9.0
1985,Indonesia,0,1067.172024,10.0,,,18.03543016,58.754,,3.63
1985,India,10187,388.8227791,6.735821529,,,11.34607348,53.611,,2.34
1985,Ireland,0,16653.59115,3.079329065,,,18.1544433,72.59541463,,9.26
1985,Iraq,0,2911.17326,24.75372685,,,,61.5,,2.74
1985,Iceland,0,,,,,58.52842609,76.84658537,,7.88
1985,Israel,750,,,,,131.0249955,73.87560976,,10.27
1985,Italy,875,21795.25452,3.430016414,,,21.06416828,73.94317073,,6.71
1985,Jamaica,625,3875.329165,-5.714159246,,,27.30815899,69.435,,6.08
1985,Jordan,0,4311.989153,11.18484646,,,11.11111111,66.259,,4.55
1985,Japan,0,19334.37474,2.817591208,,,7.778581766,75.98902439,,9.1
1985,Kenya,0,1261.994632,5.591976206,,,13.85818146,58.501,,3.41
1985,Cambodia,1562,,,,,,47.57,,2.54
1985,Kuwait,0,,,,,6.928226686,70.341,,4.61
1985,Liberia,2187,,,,,,44.631,,2.2
1985,Sri Lanka,1250,1008.529181,5.846026516,,,26.1454101,68.661,,6.96
1985,Lesotho,0,459.8253279,-2.74477924,,,16.27484162,56.058,,4.3
1985,Luxembourg,0,42705.33854,0.840882984,,,6.299900062,72.20680488,,8.22
1985,Morocco,0,1325.49353,3.642164813,,,9.408379474,55.219,,1.76
1985,Maldives,0,,,,,,55.621,,4.54
1985,Mexico,312,8240.716123,8.756622426,,,26.35165136,64.703,,4.9
1985,Mali,0,443.4259655,-4.325839869,,,,40.751,,0.62
1985,Malta,0,7684.722659,7.049711215,,,15.7472541,72.039,,7.21
1985,Mongolia,0,,,,,,55.64,,6.35
1985,Mozambique,3125,249.8623206,,,,,42.801,,1.12
1985,Mauritania,0,1581.045137,3.371210219,,,,55.061,,2.13
1985,Mauritius,0,2327.601068,-10.0612585,,,41.99951439,65.8164878,,5.36
1985,Malawi,0,433.38791,0.406746413,,,,45.094,,2.34
1985,Malaysia,0,3159.742559,7.441826779,,,6.674919535,68.245,,5.76
1985,Namibia,3125,3563.279243,,,,,56.775,,5.02
1985,Niger,0,628.0315773,-2.455036129,,,10.30527571,39.678,,0.65
1985,Nicaragua,3125,1821.469807,4.61173228,,,,57.914,,3.75
1985,Netherlands,0,26365.67196,1.341914136,,,6.513455455,75.74317073,,9.46
1985,Norway,0,40217.74817,4.564242989,,,10.87866109,75.67170732,,8.96
1985,Nepal,250,333.205046,-2.319394205,,,14.68450278,47.889,,0.99
1985,New Zealand,0,23376.87201,1.284252173,,,17.15054542,72.82926829,,11.59
1985,Pakistan,1312,744.8645744,10.21570404,,,11.93823091,57.606,,2.15
1985,Panama,125,5668.596845,13.08448173,,,13.80790191,69.254,,6.66
1985,Peru,1500,3768.898142,5.943335398,,,59.14507124,59.589,,6.1
1985,Philippines,4250,1853.073579,5.200711079,,,18.20051049,62.499,,6.21
1985,Papua New Guinea,0,2095.466105,-2.303451201,,,12.06434316,57.435,,2.11
1985,Poland,0,,,,,9.682713348,70.09756098,,8.07
1985,Portugal,250,10816.95181,4.589339924,,,15.86748038,71.21463415,,4.65
1985,Paraguay,0,3562.600626,11.71214594,,,22.44733014,64.749,,5.2
1985,Qatar,0,,,,,6.799999999,70.801,,4.75
1985,Romania,0,,,,,,69.09097561,,8.21
1985,Rwanda,0,423.28705,8.95161233,,,7.249392993,47.963,,1.69
1985,Saudi Arabia,0,33816.05061,5.652457601,,,4.169266554,62.698,,4.26
1985,Sudan,6937,1260.146851,1.524310148,,,25.35236901,53.934,,1.27
1985,Senegal,0,1037.323898,3.987761972,,,8.729027661,49.142,,2.49
1985,Singapore,0,13953.89017,10.11337211,,,8.526943194,72.1902439,,5.26
1985,Sierra Leone,0,646.2485191,4.843503756,,,,43.13,,1.4
1985,El Salvador,4375,2776.58408,-15.83686429,,,17.36696826,47.975,,3.59
1985,Sweden,0,28654.97106,1.699971439,,,13.70632236,75.74097561,,9.86
1985,Togo,0,892.7560032,14.57695611,,,12.30685721,51.227,,2.8
1985,Thailand,3125,1479.244582,5.173541006,,,19.70350052,64.012,,3.64
1985,Tonga,0,,,,,22.39338892,65.961,,8.01
1985,Trinidad and Tobago,0,8565.305659,10.39081014,,,17.47030428,67.572,,7.48
1985,Tunisia,0,1885.339084,7.418739595,,,,63.975,,3.25
1985,Uganda,3125,,,,,,42.949,,2.29
1985,Uruguay,0,8767.217258,5.843400901,,,63.47583043,70.582,,6.7
1985,South Africa,10437,5409.676518,6.620583427,,,13.66024069,59.813,,5.11
1985,Zambia,0,1078.246126,3.035622351,,,,54.143,,4.17
1985,Zimbabwe,1250,1537.130656,14.42068391,,,,58.674,,3.89
1990,Afghanistan,5250,,,,,,33.55,,1.57
1990,Albania,2375,1735.290312,1.780643959,,,,71.656,,7.78
1990,United Arab Emirates,0,80981.75348,-3.594476517,,,,70.747,,4.9
1990,Argentina,1500,8987.933706,-5.189024353,,,,69.651,,7.85
1990,Australia,0,32860.65131,5.278528457,32.5,,6.734693878,75.62926829,,11.2
1990,Austria,125,27395.87265,2.498678497,,,3.189516818,73.81463415,,8.11
1990,Burundi,0,401.7672068,11.78318018,,,3.804286836,48.541,,1.54
1990,Belgium,312,25569.48933,1.651792899,25.2,,4.868733995,74.5202439,,8.97
1990,Benin,562,812.9483203,7.530324838,,,,50.374,,1.71
1990,Bangladesh,1125,457.8429587,3.342014654,26.9,,,53.897,,2.82
1990,Bulgaria,3437,4000.492544,2.683440741,,,,71.22804878,,8.55
1990,Bahrain,0,16549.30854,-4.758268538,,,-2.635969303,72.106,,5.65
1990,Belize,0,2921.91687,1.012513914,,,6.237166118,69.462,,7.91
1990,Bolivia,250,1680.794018,-1.676389781,,,11749.63963,53.446,,6.38
1990,Brazil,625,6110.358401,7.85,55.6,,225.9896652,64.198,,3.94
1990,Barbados,0,13606.77057,1.098239807,,,3.915105251,72.495,,7.98
1990,Botswana,0,2654.135854,7.125271268,54.2,,8.0945758,62.626,,5.29
1990,Central African Republic,0,585.0904821,3.927219538,,,10.42384023,50.518,,2.06
1990,Canada,1187,29868.59147,4.737399892,33.2,,3.962030541,76.32731707,,9.94
1990,Switzerland,0,62910.65814,3.673595873,,,3.435399353,76.73365854,,10.31
1990,Chile,2187,4257.652248,4.009916203,,,30.70349891,71.176,,7.65
1990,China,2125,667.1285419,13.43067752,,,,66.643,,5.72
1990,Cameroon,125,1771.165361,8.063161671,,,8.508374344,53.899,,3.7
1990,Colombia,7187,3283.229428,3.107106196,,,24.09017437,66.276,,5.49
1990,Costa Rica,125,5434.231851,0.721601729,,,15.05741964,75.111,,6.7
1990,Cuba,0,5250.365688,1.596674598,,,,73.605,,8.09
1990,Cyprus,0,13126.66895,4.882540773,,,5.034453664,72.647,,8.44
1990,Germany,0,,,,,,,,
1990,Denmark,0,36783.94104,4.003751815,,,4.678751452,74.42756098,,8.77
1990,Algeria,0,3500.417046,3.699997255,,,10.48228704,63.588,,3.99
1990,Ecuador,1875,4124.898911,3.935001412,,,27.99361074,65.811,,6.56
1990,Spain,312,15381.84457,2.321435946,34.4,,8.814455067,76.2595122,,6.89
1990,Finland,0,26857.59364,3.548896587,,,5.195621954,74.22292683,,7.44
1990,Fiji,375,3143.840704,-4.613474868,,,4.420972396,64.526,,7.62
1990,France,875,24870.50582,1.622781367,,,5.831099739,75.3,,6.91
1990,Gabon,1625,9061.080192,-2.332949333,,,7.354925776,59.311,,4.3
1990,United Kingdom,4250,26315.12865,4.14741495,30.4,,6.07139434,74.62926829,,8.68
1990,Ghana,0,762.8190667,5.091617272,,,10.30544067,52.416,,5.2
1990,Greece,2000,14984.03162,2.509556515,,,19.31469294,76.08290244,,7.89
1990,Guatemala,6250,2718.251753,-0.609338956,,,18.6867913,60.203,,3.16
1990,Guyana,0,2599.473246,2.399667458,,,,61.66,,6.87
1990,Honduras,3187,1627.072074,5.626234849,,,3.362675236,62.996,,4.49
1990,Haiti,1062,1840.71117,0.603631294,,,10.64883901,51.523,,2.94
1990,Hungary,250,,,,,6.942345019,68.97219512,,8.99
1990,Indonesia,3125,1202.353391,2.463054187,,,4.724536157,61.307,,3.86
1990,India,11875,446.5773324,5.254299223,,,5.556424232,56.334,,2.89
1990,Ireland,0,18218.35017,3.085615629,,,5.395497315,73.62190244,,9.97
1990,Iraq,250,2250.769305,1.453896262,,,,60.68,,3.73
1990,Iceland,0,,,,,31.99462902,77.60243902,,8.33
1990,Israel,5125,,,,,309.9316992,75.20731707,,10.49
1990,Italy,625,23626.74927,2.798085767,,,9.205991443,75.47073171,,7.18
1990,Jamaica,0,3683.772152,-2.943635575,,,25.67310124,70.52,,6.63
1990,Jordan,0,4322.914259,-2.706947165,,,2.985074627,68.26,,5.68
1990,Japan,312,22898.99424,5.159807905,,,2.032277346,77.5604878,,9.63
1990,Kenya,1437,1189.409306,4.300561819,,,13.00656642,60.58,,4.13
1990,Cambodia,3875,,,,,,51.041,,2.8
1990,Kuwait,250,,,,,1.490321814,73.074,,5.54
1990,Liberia,4562,,,,,,44.664,,2.69
1990,Sri Lanka,3125,1192.416567,4.999406369,32.5,,1.481180122,70.969,,7.62
1990,Lesotho,2375,465.0916801,2.61024933,,,13.32082552,59.104,,4.64
1990,Luxembourg,0,47945.84837,2.791704465,26.3,,4.093587785,73.53419512,,8.5
1990,Morocco,875,1428.868896,6.007652072,,,7.728638901,59.286,,2.29
1990,Maldives,0,,,,,,59.749,,4.82
1990,Mexico,312,8212.921774,1.919215786,,,57.7484484,67.874,,5.77
1990,Mali,0,458.4617586,20.28663494,,,,43.207,,0.78
1990,Malta,0,7865.528452,2.585279666,,,-0.23520746,73.06368293,,8.04
1990,Mongolia,875,1661.736089,5.712872261,,,,56.841,,7.02
1990,Mozambique,3125,175.0253574,0.999996721,,,,38.657,,1.17
1990,Mauritania,0,1424.966417,2.994760504,,,,57.575,,2.43
1990,Mauritius,0,2766.590287,6.954475462,,,6.698703947,67.49063415,,5.86
1990,Malawi,0,395.1817312,4.570982013,,,10.51897599,44.947,,2.65
1990,Malaysia,0,3548.788587,-1.025250253,,,0.346458791,70.318,,6.72
1990,Namibia,0,3147.809821,0.464171262,,,,59.041,,5.62
1990,Niger,437,473.8835086,7.71812745,,,-0.923399124,40.031,,0.83
1990,Nicaragua,4187,1650.419836,-4.081851487,,,,56.501,,4.1
1990,Netherlands,0,27220.21944,2.580179771,,,2.25858443,76.28463415,,9.92
1990,Norway,0,46901.32429,5.553404923,,,5.71485464,75.91682927,,9.69
1990,Nepal,4562,376.3712943,6.144905237,,,8.052641266,50.882,,1.76
1990,New Zealand,0,26087.50697,1.61533455,,,15.41765557,73.82926829,,11.71
1990,Pakistan,2500,858.1367285,7.592114699,,,5.614839218,59.363,,2.51
1990,Panama,2125,5980.010557,4.942233652,,,1.026619893,70.732,,7.34
1990,Peru,5562,3331.143741,2.061132066,,,163.3995052,61.292,,6.62
1990,Philippines,8500,1548.896509,-6.858377209,,,23.10310718,63.505,,6.58
1990,Papua New Guinea,1875,2020.23212,4.000190344,,,3.71040724,58.866,,2.61
1990,Poland,500,,,,,11.52126074,70.54878049,,8.5
1990,Portugal,312,11015.09312,2.807438851,,,19.46141001,72.81463415,,5.42
1990,Paraguay,125,3479.869123,4.523135678,,,25.21071644,66.315,,5.8
1990,Qatar,0,,,,,1.912568307,72.381,,5.18
1990,Romania,3250,,,,,,69.70682927,,8.78
1990,Rwanda,1875,403.1338548,4.402748333,,,1.759330057,51.734,,1.88
1990,Saudi Arabia,0,15568.1731,-9.794502265,,,-3.058768729,66.33,,5.17
1990,Sudan,3125,1122.722046,-6.281043581,,,45.40750323,46.458,,1.71
1990,Senegal,0,1045.90769,3.463084465,,,13.00005762,52.758,,2.43
1990,Singapore,0,17149.3155,-0.62270165,,,0.480122911,73.8902439,,5.97
1990,Sierra Leone,0,603.7439331,-5.311340498,,,,43.888,,1.75
1990,El Salvador,3125,2347.620332,0.614316239,,,22.32837506,57.025,,4.25
1990,Sweden,250,31472.59161,2.160373746,,,7.372574581,76.66780488,,10.2
1990,Togo,500,746.0593946,5.555552164,,,-1.814414382,53.432,,3.42
1990,Thailand,250,1743.384392,4.647240357,,,2.431731234,67.587,,4.15
1990,Tonga,0,2651.413985,6.55846346,,,16.765,66.626,,7.98
1990,Trinidad and Tobago,2125,7084.705266,-4.119419554,,,7.622574055,67.543,,7.98
1990,Tunisia,250,2036.998614,5.648573237,43.4,,7.2543618,67.589,,3.7
1990,Uganda,1875,337.655563,-3.306380007,,,,45.381,,2.86
1990,Uruguay,1500,7063.189637,1.466536029,,,72.22256443,72.123,,7.24
1990,South Africa,3750,5050.868355,-1.211540882,,,16.29422694,62.38,,5.11
1990,Zambia,2312,944.9781252,1.615310368,,,,51.902,,4.61
1990,Zimbabwe,0,1534.681701,6.944387768,,,,61.624,,4.67
1995,Afghanistan,5250,,,,,,45.967,,1.87
1995,Albania,0,1606.296468,-9.57564017,,,,73.144,,8.5
1995,United Arab Emirates,0,66911.08935,18.32798553,,,,71.9,,6.11
1995,Argentina,2375,8144.494294,-2.467213778,,,,71.784,,8.37
1995,Armenia,0,,,,,,,,
1995,Australia,0,36887.25166,3.57912305,,12.22772705,7.333021952,76.99463415,,11.18
1995,Austria,0,31340.68129,4.345641399,,,3.261872319,75.56829268,,8.36
1995,Burundi,4062,435.070943,3.499822136,,,7.002169567,44.86,,1.74
1995,Belgium,0,29441.66215,3.137402316,,,3.44831218,76.05195122,,9.43
1995,Benin,0,771.075864,8.97613436,,,,53.292,,2.16
1995,Bangladesh,2375,493.0950726,5.622258162,,,6.12671847,55.989,,3.13
1995,Bulgaria,500,4431.028876,-9.117377096,,,23.8,71.64146341,,8.42
1995,Bahrain,687,17405.8852,4.437997176,,8.727364185,0.929335437,72.668,,6.54
1995,Belize,125,4112.335135,9.474652017,,21.24223864,3.05907173,70.744,,8.76
1995,Bolivia,1375,1687.442724,4.635787428,,,17.1187746,56.422,,7.26
1995,Brazil,375,6086.077553,-4.35,60.5,,2947.732772,65.985,,4.69
1995,Barbados,0,15156.21212,-3.307593308,,,3.074572711,72.752,,8.45
1995,Botswana,312,3931.730226,6.772821949,,11.37110325,11.39634612,60.533,,6.86
1995,Central African Republic,0,531.3860052,-2.147528066,,,-0.012330456,49.635,,2.67
1995,Canada,312,31707.4817,0.164672497,31.4,,4.780476933,77.43658537,,10.33
1995,Switzerland,0,70063.85169,3.674625593,,12.32532176,5.403959092,77.24243902,,10.01
1995,Chile,125,5380.317901,3.333565474,57.2,,26.03648114,72.574,,8.36
1995,China,375,905.0324572,3.920251368,32.2,,3.052290121,68.005,,6.04
1995,Cameroon,0,1348.73035,-6.105697646,,35.6686948,1.099381284,54.868,,4.37
1995,Colombia,8937,3695.805804,4.281998331,,,29.1520246,68.644,,5.99
1995,Costa Rica,375,5967.190942,3.553063366,45.3,,19.03975266,76.63,,7.11
1995,Cuba,0,4963.847383,-2.948564945,,,,74.039,,8.54
1995,Cyprus,0,17143.34766,7.403999507,,86.61874584,4.502054629,73.539,,9.14
1995,Germany,125,29485.70997,5.255006083,,20.93058961,2.696468243,75.08563415,,8.6
1995,Denmark,0,39295.24344,1.475244277,,,2.641603064,74.80536585,,9.35
1995,Algeria,4750,3153.47583,0.80000058,,,16.65253439,67.416,,4.74
1995,Ecuador,812,4180.338333,3.679914053,,,48.519113,69.348,,7.0
1995,Spain,562,18969.80864,3.781393555,32.0,35.13232241,6.721819522,76.83756098,,7.02
1995,Estonia,0,,,,,,,,
1995,Finland,0,31279.95197,0.670275844,,10.47561955,6.149565312,74.81317073,,7.55
1995,Fiji,250,3383.821623,5.80000272,,,8.19137132,65.508,,9.07
1995,France,2250,28617.44357,2.923935081,32.1,,3.19428338,76.6,,7.65
1995,Gabon,0,8360.263031,5.192237277,,,7.725321888,60.311,,5.25
1995,United Kingdom,1812,30874.50893,0.733755496,35.7,30.20337095,8.063460909,75.8804878,,9.1
1995,Ghana,125,852.4215567,3.328817883,,,37.25906649,55.62,,5.65
1995,Greece,375,15525.7741,0.0,,,20.43349911,76.93902439,,8.58
1995,Guatemala,3500,2733.861238,3.102563176,,24.48068514,41.22186714,62.473,,3.53
1995,Guyana,0,2386.057159,-3.067484664,,,,62.415,,7.09
1995,Honduras,1687,1704.928897,2.79174895,57.4,,23.32256644,65.243,,4.89
1995,Croatia,0,,,,,,,,
1995,Haiti,5187,1610.654941,1.038122802,,,21.27603201,52.975,,3.43
1995,Hungary,0,,,,,28.36959965,69.31560976,,8.79
1995,Indonesia,3187,1483.638032,7.224334601,32.3,45.74145233,7.819191447,63.181,,4.18
1995,India,3125,534.4840996,5.533454561,,50.78325379,8.971232503,58.652,,3.45
1995,Ireland,0,23085.21414,8.466527782,,,3.317321299,74.84607317,,10.12
1995,Iraq,5875,3511.166527,57.81782834,,,,58.435,,4.58
1995,Iceland,0,,,,29.91436565,15.51072199,78.03634146,,8.78
1995,Israel,4062,,,,,17.18589524,76.60731707,,10.83
1995,Italy,562,27490.63204,1.985774943,,,6.456609061,76.97073171,,7.7
1995,Jamaica,312,4503.50415,4.200535115,41.1,138.7413276,21.96017512,72.304,,7.15
1995,Jordan,125,3332.360172,-0.275903906,,128.7946833,16.19213756,69.854,,6.61
1995,Japan,562,28422.21312,4.840929057,,52.01269209,3.078516287,78.83707317,,9.82
1995,Kazakhstan,0,,,,,,,,
1995,Kenya,0,1313.859163,4.192050972,,,17.78181443,58.614,,4.78
1995,Cambodia,18437,,,,,,55.434,,3.09
1995,Kuwait,0,,,,,9.833635315,73.281,,5.92
1995,Liberia,3375,,,,,,36.688,,3.02
1995,Sri Lanka,3562,1320.637354,6.399995311,32.4,96.58062551,21.49525205,71.927,,8.51
1995,Lesotho,312,536.9997295,6.045473329,,,11.634757,59.398,,5.12
1995,Lithuania,0,,,,,,,,
1995,Luxembourg,0,66027.0758,5.319931127,27.7,2.520160788,3.253766591,75.43831707,,8.91
1995,Latvia,0,,,,,,,,
1995,Morocco,0,1682.328125,3.411812226,39.2,87.19675998,6.782594015,62.448,,2.86
1995,Maldives,0,,,,30.78233776,3.649911977,63.578,,4.43
1995,Mexico,21250,8145.016153,5.250043299,,46.62685739,26.65167256,69.971,,6.47
1995,Mali,0,469.4024926,-2.502395103,,,0.606339704,46.62,,0.89
1995,Malta,0,10074.3091,6.291390958,,46.91169936,2.983405861,75.87997561,,8.73
1995,Mongolia,0,1770.541044,-3.184460178,,,,58.765,,7.76
1995,Mozambique,0,217.5775535,0.999992835,,,,44.469,,1.0
1995,Mauritania,312,1398.941059,-1.771304533,,,6.600225649,59.77,,2.76
1995,Mauritius,0,3810.480833,7.186736771,,39.65035497,13.48808879,69.40487805,,6.49
1995,Malawi,0,354.000744,5.692294634,,,11.82353805,43.323,,2.9
1995,Malaysia,0,4260.279935,9.008527138,,79.53661793,2.617801047,71.307,,6.97
1995,Namibia,125,2857.947224,2.04745994,,,,62.496,,6.15
1995,Niger,0,461.2155281,-1.308478285,,,-0.775653011,41.852,,1.04
1995,Nicaragua,1937,1241.396223,-0.052499721,,,,63.096,,4.49
1995,Netherlands,0,31106.05196,4.183222986,31.1,54.80317756,2.454091848,76.87804878,,10.28
1995,Norway,0,49937.45578,1.932291328,,19.84701165,4.131033483,76.53731707,,10.28
1995,Nepal,250,420.7431199,4.635036347,,52.62058095,8.239700375,54.833,,2.49
1995,New Zealand,125,26371.00332,0.153140526,,,6.098444148,75.37804878,,11.62
1995,Pakistan,1437,956.9938447,4.458586815,33.2,78.77253509,9.052131553,60.066,,2.92
1995,Panama,1187,5186.250569,8.098993006,,,0.769485355,71.097,,7.65
1995,Peru,6375,2695.373504,-4.982563536,,189.2462856,7481.663611,65.106,,7.23
1995,Philippines,3437,1739.945187,3.082672529,,45.00767451,12.17735221,65.909,,7.1
1995,Papua New Guinea,1875,1907.733734,-3.012169222,,48.95325401,6.953361599,59.721,,3.05
1995,Poland,250,5111.34533,,,,567.8788007,70.8902439,,9.06
1995,Portugal,0,14572.28838,3.950522763,,,13.63057057,73.96585366,,6.0
1995,Paraguay,375,4036.32209,4.123282879,40.8,,37.25995618,67.944,,6.11
1995,Qatar,0,,,,,3.000968054,73.982,,5.58
1995,Romania,0,5017.16139,,,,,69.74121951,,9.32
1995,Rwanda,2312,371.0410707,-2.399291098,,49.79692027,4.185763726,48.431,,2.18
1995,Saudi Arabia,0,17758.83504,15.19342589,,,2.077151335,68.948,,5.84
1995,Sudan,3875,1300.544556,-5.470053776,,,65.158098,49.732,,2.15
1995,Senegal,0,1015.037107,-0.746282224,,,0.32509863,56.948,,2.33
1995,Singapore,0,23272.70009,9.820899557,,77.85531186,3.460753387,75.29512195,,6.66
1995,Sierra Leone,5000,549.5748054,3.349997984,,,,44.057,,2.09
1995,El Salvador,1125,2362.444301,4.832900578,,,23.99916511,62.55,,4.67
1995,Slovenia,0,,,,,,,,
1995,Sweden,0,34570.30573,0.754674769,,,10.36655339,77.53682927,,10.58
1995,Togo,0,725.9186544,-0.243656134,,,1.015341505,54.37,,3.99
1995,Thailand,250,2608.168363,11.16716344,45.3,18.44775385,5.863994744,70.445,,4.85
1995,Tajikistan,3125,,,,,,,,
1995,Tonga,0,2644.91203,-2.044091435,,,9.709863846,67.294,,8.77
1995,Trinidad and Tobago,625,5992.063827,1.509167843,,,11.06442577,68.272,,8.46
1995,Tunisia,0,2085.533448,7.949819437,40.2,54.7703801,6.545293073,70.11,,4.39
1995,Uganda,1875,369.4873992,6.474140153,,,,46.443,,3.48
1995,Ukraine,562,,,,,,,,
1995,Uruguay,500,8286.698233,0.297348379,,31.59596304,112.5259056,73.162,,7.45
1995,South Africa,250,4643.222315,-0.317760427,,32.39719496,14.32095573,63.375,,6.81
1995,Zambia,0,889.9931242,-0.481072028,,244.3805364,107.0238095,47.926,,4.89
1995,Zimbabwe,437,1648.573181,6.988552933,,,,59.426,,5.73
2000,Afghanistan,3125,,,,,,52.544,8.26,2.26
2000,Albania,0,1488.020881,13.32233332,,35.75690391,7.793218538,74.362,14.611,8.22
2000,United Arab Emirates,0,62877.68408,6.687886464,,,,72.695,1.8,7.51
2000,Argentina,2062,9969.331576,-2.845209611,48.9,,,73.133,18.8,8.64
2000,Armenia,0,928.0924966,6.89999842,,,175.9513255,69.311,6.7,10.43
2000,Australia,0,39309.99466,3.883164804,32.6,21.6803201,4.6277666,77.82926829,8.47,11.2
2000,Austria,375,33790.48499,2.667983531,29.9,,2.243366315,76.66829268,4.34,8.81
2000,Burundi,1875,354.1161809,-7.920000004,,128.9192191,19.26325364,44.059,2.892,2.18
2000,Belgium,0,31329.89207,2.38475728,28.4,125.5765909,1.467966991,76.84073171,9.34,10.0
2000,Benin,0,804.350333,6.04519865,,,14.46254822,55.295,1.237,2.61
2000,Bangladesh,0,559.6892306,5.121277897,32.9,,10.29781179,59.467,2.464,3.68
2000,Bulgaria,125,4025.645827,2.862019072,,,62.05483368,71.05341463,11.1,8.86
2000,Bahrain,0,20403.37053,3.929991545,,16.98645162,2.704034751,73.799,1.128,7.1
2000,Belize,0,4968.793189,0.731558306,,27.57878886,2.889615844,69.887,12.48,9.4
2000,Bolivia,1687,1866.652933,4.678276597,,57.41137939,10.19320676,59.534,2.752,7.83
2000,Brazil,812,6524.518853,4.223793634,59.6,,66.00703355,67.919,7.09,5.58
2000,Barbados,0,14219.10438,2.013998,,,1.878862794,73.298,19.66,8.88
2000,Botswana,0,4271.470886,7.030410248,,10.97207607,10.51254608,55.059,21.35,8.24
2000,Central African Republic,0,478.3438948,7.200045558,,,19.18940397,47.35,5.442,2.99
2000,Canada,437,32612.23203,2.693976276,31.5,77.31262198,2.148760331,77.97731707,9.49,10.71
2000,Switzerland,0,67264.91129,0.480866449,,22.49520878,1.799827769,78.41707317,3.09,9.83
2000,Chile,0,7277.561894,8.933295869,,17.37231577,8.232630341,74.609,4.7,8.78
2000,China,875,1520.029469,10.95395434,,,16.79122517,70.008,3.0,6.79
2000,Cameroon,0,1049.706663,2.894001377,,106.2809792,9.069690719,53.222,7.968,5.0
2000,Colombia,8687,4170.457695,5.202437593,,,20.89179302,69.933,8.72,6.47
2000,Costa Rica,125,6867.637672,4.153953048,45.7,,23.18649811,76.552,5.18,7.42
2000,Cuba,250,3348.476634,2.457201172,,,,74.623,8.27,8.8
2000,Cyprus,0,19452.57422,8.362469305,,,2.61581788,75.133,2.6,9.6
2000,Germany,0,31628.15981,1.544146496,28.7,,1.706160413,76.42195122,8.16,9.44
2000,Denmark,0,43310.25009,3.027587267,23.0,,2.083608424,75.21268293,6.99,10.04
2000,Algeria,1875,2862.107868,3.79999479,35.3,,29.77962649,67.454,31.84,5.41
2000,Ecuador,4937,4374.268716,2.252548774,,,22.93413441,71.041,4.632,7.1
2000,Spain,3500,20001.7908,2.757494046,35.7,57.88357149,4.673803376,77.98073171,22.68,8.11
2000,Estonia,0,7137.530776,,,,28.77661372,67.54390244,9.66,10.38
2000,Finland,0,29912.89797,4.21686747,23.5,,0.791239407,76.4095122,17.0,8.59
2000,Fiji,2750,3786.078553,2.499998538,,,2.165647214,66.286,4.778,10.11
2000,France,125,29745.12873,2.106629158,,,1.796481421,77.75121951,11.83,8.82
2000,Gabon,0,8524.419156,4.973847763,,,9.646531041,60.704,17.62,6.25
2000,United Kingdom,375,33009.30415,2.531670045,35.5,88.53758606,2.697495183,76.83658537,8.69,9.44
2000,Ghana,0,931.1804337,4.112418972,,,59.4615537,56.565,6.451,5.89
2000,Greece,0,15946.75512,2.099719416,37.0,,8.93451416,77.58536585,9.06,8.73
2000,Guatemala,750,2965.885979,4.948547502,,11.40499902,8.411413123,64.195,2.664,3.8
2000,Guyana,0,3342.172075,5.031446558,,,12.21052632,63.136,11.884,7.68
2000,Honduras,0,1722.533042,6.189304558,55.5,,29.46452923,67.139,3.24,5.26
2000,Croatia,0,7305.939776,,,,3.95010395,72.08439024,10.18,9.08
2000,Haiti,5625,1291.07739,9.897707488,,,27.60818517,55.547,7.301,3.92
2000,Hungary,0,7675.578171,1.489525476,,86.11386343,28.30546837,69.79170732,10.17,10.41
2000,Indonesia,3437,1922.352118,8.220007399,,30.80432488,9.420323216,65.237,4.597,4.62
2000,India,125,618.1392879,7.574491838,,47.4916413,10.22488616,60.596,7.014,4.12
2000,Ireland,0,28192.77549,9.634421619,37.0,,2.52486728,75.46980488,11.97,10.39
2000,Iraq,0,1949.578297,2.120021498,,,387.3108478,66.464,9.021,5.09
2000,Iceland,0,34188.35059,,,46.34465767,1.651231501,77.98439024,5.2,9.23
2000,Israel,375,25872.23042,,,99.85811749,9.931446651,77.45121951,8.78,11.07
2000,Italy,0,29265.08905,2.886836759,35.2,,5.23542258,78.17073171,11.66,8.27
2000,Jamaica,0,5209.815947,2.349957041,,83.86118418,19.90874884,71.549,7.106,8.18
2000,Jordan,0,3521.052307,6.200874444,,105.0628884,2.353124513,70.87,14.6,7.58
2000,Japan,0,30171.16379,2.630999616,,60.77122237,-0.127899045,79.53609756,3.2,10.51
2000,Kazakhstan,3125,3700.753935,-8.200000001,,,176.1552989,63.5,10.98,9.34
2000,Kenya,0,1225.143873,4.406216525,,,1.554328161,55.617,3.171,5.26
2000,Cambodia,0,378.9223782,9.903468901,,,-0.798944338,56.308,0.785,3.27
2000,Kuwait,0,33683.48004,4.858291252,,,2.686727566,75.537,0.699,6.11
2000,Liberia,0,,,,,,43.917,2.211,3.08
2000,Sri Lanka,3125,1625.571068,5.500085234,35.4,94.6498206,7.674848734,72.26,12.27,9.35
2000,Lesotho,0,647.5183783,3.290938546,,,9.270833333,56.723,17.057,5.66
2000,Lithuania,0,4936.020215,,,,39.64762903,69.00634146,17.54,9.17
2000,Luxembourg,0,74896.09658,1.432199989,28.3,,1.86769425,76.51219512,2.92,9.22
2000,Latvia,250,4969.82308,,,,24.97593553,66.39121951,19.0,8.99
2000,Morocco,250,1692.847046,-5.405447872,,68.39491528,6.123581648,64.736,13.612,3.4
2000,Maldives,0,5556.257419,,,47.35205809,5.488861332,67.476,0.79,4.11
2000,Mexico,4062,8049.743231,-5.910299624,,30.74349889,34.99927129,71.646,7.1,7.2
2000,Mali,0,494.5902322,0.921022398,,,13.44176968,47.816,1.282,1.01
2000,Malta,0,12344.82635,6.342493183,,,4.426645503,77.2902439,6.296,9.36
2000,Mongolia,0,1431.460923,6.376426886,33.2,37.07128268,0.043516101,60.612,5.5,7.84
2000,Mozambique,562,217.0596892,2.122893806,,,,46.04,2.771,0.93
2000,Mauritania,0,1377.926592,9.819800419,37.7,,6.543790685,60.259,9.982,3.12
2000,Mauritius,0,4562.746928,4.287736571,,32.86860594,6.029331885,70.32585366,9.59,6.83
2000,Malawi,0,386.7008137,16.7288173,,,83.32577475,43.641,4.752,3.06
2000,Malaysia,0,5826.870847,9.829085197,48.5,41.06970284,3.450575096,72.384,3.15,8.39
2000,Namibia,0,2939.49125,3.899014221,,,,58.634,21.051,6.05
2000,Niger,0,418.2441133,2.457244122,,,10.56328867,45.774,1.433,1.23
2000,Nicaragua,0,1214.096252,5.911907957,,,,65.608,7.102,5.02
2000,Netherlands,125,33696.74383,3.116035986,,,1.923220035,77.40463415,7.16,10.56
2000,Norway,250,58380.56847,4.155642995,26.0,,2.460367787,77.73658537,6.31,10.72
2000,Nepal,0,476.4531924,3.468451893,35.2,66.18364321,7.622969507,59.318,10.499,2.65
2000,New Zealand,0,27994.03701,4.722081044,,,3.754944137,76.73414634,6.46,11.68
2000,Pakistan,312,1040.288297,4.962609146,,,12.34357852,59.878,0.647,3.36
2000,Panama,0,6112.472797,1.751678793,57.8,,0.994206983,72.385,6.062,8.43
2000,Peru,9312,3146.045137,7.411395047,,,11.12870297,67.644,4.544,7.88
2000,Philippines,3500,1725.502381,4.625225117,,53.47117815,6.83199611,68.223,3.651,7.56
2000,Papua New Guinea,0,2411.85775,-3.312448778,,53.66200139,17.28093268,61.049,2.863,3.31
2000,Poland,0,5628.446239,7.102865538,,,27.95138856,71.89268293,13.7,9.86
2000,Portugal,0,15788.98311,4.28278046,,,4.222816141,75.31219512,7.06,6.69
2000,Paraguay,2500,4421.910046,6.822810304,58.2,,13.42541436,69.009,3.4,6.25
2000,Qatar,0,,,,,2.956521739,74.25,0.822,6.13
2000,Romania,0,4570.185131,6.233511484,,,32.24248473,69.45609756,8.01,9.7
2000,Rwanda,250,304.7323231,35.22407831,,,,39.969,11.824,2.66
2000,Saudi Arabia,0,17887.24268,0.212091345,,,4.868431031,71.011,5.994,6.34
2000,Sudan,0,1507.841187,5.997092261,,,68.37519295,51.991,15.582,2.52
2000,Senegal,1875,984.8240799,5.468584858,,,7.864007846,56.839,5.555,2.2
2000,Singapore,0,30379.89911,7.175401121,,72.78049031,1.720533848,76.29512195,3.3,7.98
2000,Sierra Leone,3250,416.7161348,-7.999752327,,,,42.716,3.49,2.46
2000,El Salvador,0,2780.048977,4.734081402,49.9,,10.02965645,66.33,7.65,5.42
2000,Slovenia,0,13276.07309,,,,13.46372962,73.95853659,7.15,11.05
2000,Sweden,0,34648.11892,3.935192926,25.2,,2.455148578,78.7404878,8.9,11.18
2000,Togo,0,659.9907789,7.845832319,,,16.43350345,54.037,3.845,4.31
2000,Thailand,0,3595.064582,8.120315346,,4.610094712,5.818181818,70.948,1.1,5.5
2000,Tajikistan,0,455.385589,-12.41632223,,,,59.338,10.3,10.47
2000,Tonga,0,3257.5501,7.378535826,,,1.460006304,68.17,1.965,9.33
2000,Trinidad and Tobago,312,7034.852561,3.809913144,,,5.182205395,69.17,17.22,9.0
2000,Tunisia,0,2289.397385,2.351669851,41.7,57.51826787,6.244150287,71.988,15.982,5.07
2000,Uganda,0,440.9026767,11.52324381,,,6.55014019,46.567,3.298,3.97
2000,Ukraine,0,1497.810059,-12.2,39.3,,376.7461748,66.74195122,5.62,10.15
2000,Uruguay,0,9765.152879,-1.447598969,,,42.2483198,73.896,10.02,7.57
2000,South Africa,0,4392.070041,3.100000001,,44.86861899,8.680444226,62.262,20.75,8.29
2000,Zambia,0,777.0233024,2.897668893,,155.2792246,34.92958742,45.553,16.858,6.01
2000,Zimbabwe,437,1609.94311,0.158025687,,,,50.531,5.654,6.7
2005,Afghanistan,4437,,,,,,55.298,8.054,2.86
2005,Albania,0,1960.88246,6.946216592,,,0.050018136,75.404,19.028,9.48
2005,United Arab Emirates,0,61187.76975,10.85270421,,,,74.38,2.25,8.43
2005,Argentina,375,10672.72204,-0.788998939,51.1,,,73.926,15.0,8.73
2005,Armenia,0,1249.612129,5.900000003,,,-0.790883769,70.624,11.055,10.44
2005,Australia,312,45858.58009,3.921517829,,29.52281212,4.457435148,79.23414634,6.28,11.07
2005,Austria,0,38842.89052,3.375722147,29.0,64.73978224,2.344862854,78.12682927,4.69,8.97
2005,Burundi,1875,310.0067109,-0.856864058,,,24.43202421,47.514,2.998,2.56
2005,Belgium,250,35674.79125,3.716679384,33.1,109.6474721,2.544517762,77.72195122,6.59,10.29
2005,Benin,0,888.7301846,5.857714205,,,4.165404423,56.578,0.843,3.11
2005,Bangladesh,0,646.0377635,5.293294719,33.4,,2.208256209,65.779,3.27,4.48
2005,Bulgaria,0,3721.303491,4.587226859,,61.57245826,10.31626213,71.66341463,16.22,9.28
2005,Bahrain,125,21713.53805,5.300070056,,25.74501489,-0.704852953,75.496,1.117,7.48
2005,Belize,0,5657.456684,12.24061403,,,3.067439669,68.564,10.869,10.08
2005,Bolivia,1875,2017.394609,2.507810809,61.6,60.10919774,4.608229989,62.346,2.373,8.29
2005,Brazil,125,6745.857771,4.387949447,,,7.044141059,69.737,10.53,6.52
2005,Barbados,0,16683.45065,4.447189623,,,2.435813035,74.089,9.35,8.81
2005,Botswana,0,4917.232089,1.987695834,,,8.601485149,51.011,15.88,8.82
2005,Central African Republic,0,445.803293,-2.48943244,,,3.203400916,45.406,5.297,3.29
2005,Canada,0,37923.48646,5.177635668,33.4,58.73797424,2.719439957,79.16682927,6.83,10.95
2005,Switzerland,0,73749.9388,3.958719719,33.4,25.77790616,1.558529197,79.6804878,2.66,9.78
2005,Chile,0,8549.079073,4.971621489,52.8,13.14564,3.843272957,76.87,10.49,9.07
2005,China,875,2193.896866,8.490093404,,,0.347811227,71.881,3.26,7.38
2005,Cameroon,0,1137.624527,3.832417794,,,1.22719013,52.932,7.591,5.46
2005,Colombia,7187,4003.985169,2.924861482,58.7,17.70902168,9.225348186,71.32,20.52,6.9
2005,Costa Rica,0,7646.027372,3.868718091,47.4,38.50184887,10.96154966,77.586,5.08,7.7
2005,Cuba,0,4113.490275,5.914760019,,,,76.183,5.45,8.91
2005,Cyprus,0,22382.49609,5.965310315,,,4.141657647,76.568,4.97,9.94
2005,Germany,312,34490.07577,2.912502964,28.8,,1.440268387,77.92682927,7.92,10.06
2005,Denmark,0,49241.928,3.746862595,23.8,,2.903282032,76.59268293,4.48,10.77
2005,Algeria,1875,3138.230019,3.800000002,,,0.339163189,70.478,29.77,5.67
2005,Ecuador,3562,4227.552516,1.091801564,56.4,,96.09637569,72.839,4.8,7.1
2005,Spain,3375,23937.96855,5.245943824,34.1,56.41656756,3.433515634,78.96585366,13.79,8.93
2005,Estonia,0,9960.139039,10.08763444,,4.066987003,4.018489525,70.41707317,13.36,11.41
2005,Finland,0,37884.39132,5.773362458,27.2,,3.042100807,77.46585366,11.13,9.09
2005,Fiji,0,4000.854363,-1.699998416,,,1.0921646,66.31,4.912,9.76
2005,France,1062,33592.46683,3.923669227,32.6,58.29925233,1.675959887,79.05609756,10.22,9.75
2005,Gabon,0,7611.835714,-1.882966398,,,0.504920026,61.069,17.391,7.02
2005,United Kingdom,0,38918.45506,4.318727058,38.8,87.47856011,1.182956242,77.74146341,5.56,9.92
2005,Ghana,0,1020.162204,3.700000082,,,40.24093312,58.195,10.46,6.44
2005,Greece,0,18642.72127,3.91977053,34.2,119.4314572,3.151181625,77.88780488,11.24,8.89
2005,Guatemala,375,3195.388078,3.608868717,54.2,16.98382301,5.977577347,67.446,2.75,4.1
2005,Guyana,0,3788.241405,-1.363803903,,,6.14854333,64.483,11.89,8.13
2005,Honduras,125,1768.253905,7.291288159,,,11.04803493,68.662,3.855,5.65
2005,Croatia,0,8876.615724,2.956274678,,34.25029485,4.611315547,72.80780488,16.06,9.71
2005,Haiti,3812,1333.727172,0.870059259,,,9.333221976,58.365,8.408,4.33
2005,Hungary,0,8967.696269,4.479194732,,61.21142427,9.803610169,71.24634146,6.56,11.2
2005,Indonesia,1875,1845.227801,4.920067748,29.5,,3.68861916,66.433,6.08,5.15
2005,India,1875,755.482294,3.840991157,,55.0042465,4.00943591,62.669,7.77,5.03
2005,Ireland,0,41924.29325,9.403524677,33.0,38.14174826,5.5907173,76.53658537,4.32,10.66
2005,Iraq,11062,4138.18794,16.92166569,,,4.978962132,66.817,8.752,5.9
2005,Iceland,0,42174.66506,4.98504277,,58.25802059,5.136471232,79.65365854,1.94,9.67
2005,Israel,2250,29321.3254,8.671655277,,,1.03264095,78.95365854,11.1,11.34
2005,Italy,0,32350.90437,3.786955143,35.3,,2.537685321,79.77804878,10.83,8.78
2005,Jamaica,375,4920.070218,0.878703548,,98.33415571,8.171083561,70.944,6.959,9.14
2005,Jordan,0,3635.292158,4.245711921,,93.71097071,0.666880926,71.918,13.7,8.36
2005,Japan,0,31430.63113,2.764647551,,98.93382307,-0.676578684,81.07609756,4.75,10.94
2005,Kazakhstan,312,4446.451871,9.800000002,,,13.18089059,65.45,12.75,10.54
2005,Kenya,875,1187.32581,0.599695391,,,9.980025154,54.411,3.128,5.69
2005,Cambodia,0,488.0027023,9.993580323,,,-0.791992529,58.625,0.972,3.5
2005,Kuwait,0,31662.81414,4.694581871,,,1.812946139,76.722,0.8,6.09
2005,Liberia,562,763.4268725,,,,,51.356,2.123,3.49
2005,Sri Lanka,1875,2011.980471,6.000033158,,96.90403265,6.17627591,70.355,7.74,10.24
2005,Lesotho,0,727.180765,3.875546814,,,6.131975387,48.427,17.0,6.21
2005,Lithuania,0,6423.420676,3.695525421,,32.69302355,0.981615479,72.0195122,15.93,9.49
2005,Luxembourg,0,92527.71181,6.938130249,30.1,,3.15076707,77.87317073,2.35,9.55
2005,Latvia,0,6725.33754,5.675741312,,,2.654254778,70.31463415,14.21,9.34
2005,Morocco,0,1948.354614,2.582180915,40.6,,1.894634568,66.787,13.58,3.82
2005,Maldives,0,7037.197735,3.845810392,,40.86440999,-1.174756812,70.876,1.97,4.26
2005,Mexico,2000,9655.602497,5.029283994,52.6,18.19186334,9.491561494,73.569,2.65,7.66
2005,Mali,0,556.7723941,-0.060834972,,,-0.677661659,50.539,1.306,1.23
2005,Malta,0,17189.56549,19.68126938,,,2.369592875,78.34878049,6.32,9.78
2005,Mongolia,0,1557.43844,1.146062137,,78.41832771,11.59553876,62.882,6.086,7.88
2005,Mozambique,0,293.2318956,0.766234956,,,,49.491,2.886,1.08
2005,Mauritania,1875,1265.160425,-3.918025879,39.0,,3.254067458,61.028,10.049,3.55
2005,Mauritius,0,5671.02955,8.202791749,,32.11744331,4.199288256,71.66341463,9.142,6.7
2005,Malawi,0,421.8194582,1.576077624,,,29.58148846,44.518,4.923,3.48
2005,Malaysia,0,6461.991273,8.85886817,,,1.534740237,72.775,3.0,9.09
2005,Namibia,0,3082.759207,3.492183364,,,,51.99,20.3,5.72
2005,Niger,0,389.077523,-1.208477741,,,2.900149736,49.322,1.521,1.38
2005,Nicaragua,500,1429.724398,4.101590236,,,7.069913523,67.234,7.394,5.51
2005,Netherlands,0,40456.94224,4.195642498,,,2.360522338,77.98780488,2.73,10.81
2005,Norway,0,67846.59685,3.318945671,27.4,,3.085506091,78.63414634,3.46,11.02
2005,Nepal,4312,546.9316252,6.199999982,,64.57331984,2.478820207,62.614,10.604,2.97
2005,New Zealand,0,30825.9568,2.871343257,,,2.615234462,78.63658537,6.13,11.76
2005,Pakistan,0,1053.004306,4.260088011,,55.03242161,4.366664513,62.102,0.611,3.87
2005,Panama,125,7021.546436,2.715373802,56.6,,1.498961116,74.001,6.051,8.74
2005,Peru,3375,3279.35543,2.694371398,49.1,,3.757338333,70.424,4.898,8.85
2005,Philippines,3750,1831.699208,4.382504833,47.7,58.5984332,3.977125032,69.413,3.655,7.87
2005,Papua New Guinea,1875,1999.969368,-2.494841993,,57.74153126,15.59589331,61.72,2.92,3.48
2005,Poland,0,7344.120761,4.56098541,,,9.900175388,73.74878049,16.31,10.26
2005,Portugal,0,18795.03115,3.816178063,,,2.853030393,76.31463415,3.81,7.43
2005,Paraguay,125,4056.23877,-2.314140568,,,8.982159768,69.75,7.61,6.23
2005,Qatar,0,52157.76335,,,,1.650335224,74.828,0.842,6.6
2005,Romania,0,4567.239677,2.461263459,,27.84473453,45.66659404,71.16341463,6.97,10.04
2005,Rwanda,125,337.6615451,8.370876903,48.5,,3.899529803,47.129,11.936,3.23
2005,Saudi Arabia,0,17018.61189,5.625416146,,,-1.124994779,72.467,4.57,7.08
2005,Sudan,6562,1906.380859,6.34586744,,,7.121258972,58.319,15.282,2.82
2005,Senegal,0,1076.892305,3.887210958,,,0.731981982,56.943,5.582,1.92
2005,Singapore,0,34890.08114,9.038316326,,83.84229173,1.361623924,77.95121951,3.7,9.15
2005,Sierra Leone,0,400.5989343,6.652729659,,,,45.05,3.425,2.78
2005,El Salvador,125,2957.371867,1.127906977,51.5,27.37640894,2.271287568,69.865,6.96,6.59
2005,Slovenia,0,16240.65689,3.67237155,,,8.911744187,75.41219512,6.92,11.35
2005,Sweden,0,41117.15243,4.766348871,27.2,70.27831726,0.899143734,79.64390244,5.47,11.38
2005,Togo,3437,697.4441495,-0.783479606,,,1.862605955,54.742,4.057,4.75
2005,Thailand,0,3511.440361,4.455247043,42.8,21.96458651,1.591969175,72.316,2.39,5.65
2005,Tajikistan,0,430.3410037,8.324324495,,114.076118,,63.26,15.134,10.63
2005,Tonga,125,3506.266147,0.875990063,37.7,,6.327635514,68.978,4.103,9.37
2005,Trinidad and Tobago,0,9933.319685,6.901359591,,,3.555413197,69.102,12.1,9.51
2005,Tunisia,0,2827.3788,4.709972914,40.8,56.72127583,2.962307947,73.69,14.94,5.9
2005,Uganda,4062,508.7619921,3.141907338,,,3.392021585,48.342,3.552,4.33
2005,Ukraine,250,1420.116699,5.9,,43.72978743,28.20309724,67.67560976,11.71,10.45
2005,Uruguay,0,11008.63816,-1.929930635,,,4.763824727,75.025,12.63,8.07
2005,South Africa,0,4735.665532,4.200000001,57.8,39.63905838,5.338951029,58.47,20.266,7.68
2005,Zambia,0,814.7729655,3.897322943,,,26.03041179,45.231,12.93,6.16
2005,Zimbabwe,0,1676.51546,-3.059189749,,,,44.686,5.688,7.0
2010,Afghanistan,3687,363.5414692,11.22971482,,,12.68626872,58.361,8.113,3.21
2010,Albania,0,2675.508637,5.526424247,30.6,,2.366581957,76.621,15.97,9.85
2010,United Arab Emirates,0,60778.46861,4.855141196,,,,76.683,3.12,8.89
2010,Argentina,0,11141.31067,8.85165992,47.7,,,75.139,11.51,9.38
2010,Armenia,0,2312.982861,13.9,36.0,,0.638928002,71.792,10.218,10.5
2010,Australia,250,50852.1612,3.154139257,,22.4060503,2.691831683,80.84146341,5.03,11.38
2010,Austria,0,41281.27076,2.244065325,28.7,74.30583793,2.299137856,79.33170732,5.63,9.29
2010,Burundi,1875,294.7387734,0.900000001,,,13.25206992,53.023,3.189,2.88
2010,Belgium,250,38426.05191,2.321737054,29.3,96.75457719,2.781432637,78.9804878,8.44,10.59
2010,Benin,0,924.2695241,1.713164564,,,5.364520858,57.125,0.832,3.72
2010,Bangladesh,562,758.8899732,6.535944939,33.2,,7.046618162,67.299,4.25,5.24
2010,Bulgaria,0,5236.086372,7.056349601,,31.13794004,5.038838071,72.56097561,10.08,10.45
2010,Bahrain,0,22027.33131,6.768997871,,,2.586206897,76.931,1.104,7.19
2010,Belize,0,6305.35056,2.219189271,,69.97580831,-1.104310444,69.376,10.91,10.76
2010,Bolivia,0,2152.36197,4.421433127,58.5,,5.393231069,64.386,2.543,8.49
2010,Brazil,0,7325.90355,3.202132061,56.3,,6.869537209,71.753,10.55,7.29
2010,Barbados,0,17367.56328,3.955457604,,63.79162386,6.082187295,74.89,9.08,9.34
2010,Botswana,0,5360.019176,4.556645653,,,8.610225285,52.61,19.829,9.22
2010,Central African Republic,3125,436.1002651,0.908210515,,,2.883520734,46.433,5.333,3.55
2010,Canada,0,40989.52682,3.204200428,33.6,46.06165142,2.213552034,80.11268293,6.76,12.03
2010,Switzerland,0,76282.98396,2.749698985,,29.39717832,1.171954203,81.23658537,4.44,10.55
2010,Chile,0,10212.7825,5.837045715,,,3.052576214,78.016,9.34,9.67
2010,China,687,3390.716159,11.39459181,40.9,,1.776414077,74.111,4.52,7.69
2010,Cameroon,0,1250.058883,2.228270209,,,2.013539502,54.362,4.4,5.77
2010,Colombia,0,4447.566818,4.828761108,53.9,,5.051019627,73.081,11.87,7.06
2010,Costa Rica,0,8545.747274,3.976666368,47.5,,13.79829491,78.505,6.57,8.12
2010,Cuba,125,5189.928604,11.20165656,,,,77.047,1.95,9.51
2010,Cyprus,0,25629.69727,4.853003838,30.3,,2.560161323,78.101,5.3,9.28
2010,Germany,0,35310.47047,0.731707164,31.6,,1.546911148,78.93170732,11.17,11.65
2010,Denmark,0,51835.83271,2.336641308,25.2,,1.817814583,77.84390244,4.83,11.1
2010,Algeria,1562,3774.071254,5.899999997,,,1.382446567,72.061,15.27,5.54
2010,Ecuador,2125,4912.527491,5.291308267,53.1,,2.168277012,74.514,3.78,7.37
2010,Spain,0,26145.80858,3.652084192,32.4,40.26751027,3.368814098,80.17073171,9.15,10.12
2010,Estonia,0,14631.38733,9.526426972,33.4,5.181045677,4.079714232,72.56829268,8.03,11.77
2010,Finland,0,42530.61968,2.779850556,27.6,,0.62387445,78.81707317,8.38,9.51
2010,Fiji,0,4291.71551,0.700000402,,,2.365764538,66.632,3.89,9.38
2010,France,1062,35208.8558,1.66321998,29.8,65.61117387,1.745869364,80.16341463,8.49,10.12
2010,Gabon,0,7155.365485,2.676203333,42.2,,3.708333333,61.959,16.91,7.71
2010,United Kingdom,875,43007.36292,2.738842404,35.5,92.04403363,2.08913649,79.04878049,4.75,11.1
2010,Ghana,0,1140.186427,5.900003819,42.8,,15.43899202,59.76,5.609,7.01
2010,Greece,3812,22185.42455,0.599142037,34.6,127.5480281,3.545072733,79.23902439,9.99,9.9
2010,Guatemala,0,3320.157565,3.276026926,,21.60212014,9.108649857,69.168,3.053,3.97
2010,Guyana,0,3874.06814,-1.950957595,,,6.925543039,65.132,11.027,8.51
2010,Honduras,0,1953.326123,6.050599222,59.5,,8.809060748,70.104,4.91,6.03
2010,Croatia,0,11523.29783,4.307492848,,45.76526529,3.317178244,75.24463415,12.6,10.58
2010,Haiti,875,1297.085988,3.072173377,,,13.97300833,60.415,14.42,4.81
2010,Hungary,0,11278.61603,4.29427761,34.7,65.22712625,3.561517114,72.64878049,7.19,11.66
2010,Indonesia,0,2174.915221,5.692571303,34.1,,10.45319842,67.649,7.94,6.41
2010,India,125,947.7634353,7.923430621,,62.2265261,4.24634362,64.996,8.7,5.63
2010,Ireland,250,49746.05646,5.739781672,33.8,30.7738803,2.429691984,78.94390244,4.34,11.54
2010,Iraq,1812,3277.11191,1.671889624,,,36.95948092,64.844,8.718,6.31
2010,Iceland,0,48850.76586,6.124438965,29.0,84.71765917,3.987047828,81.50243902,2.55,10.42
2010,Israel,125,29503.90146,4.134076619,42.3,,1.313485114,80.15121951,11.34,11.47
2010,Italy,937,33257.7698,0.817848974,33.8,,1.985292985,80.78292683,7.73,9.15
2010,Jamaica,562,5259.644183,0.893797936,,121.0024762,15.05286589,71.044,6.767,9.66
2010,Jordan,0,4408.270261,8.146594811,,79.9498073,3.493685346,72.932,14.8,9.07
2010,Japan,375,33098.54747,1.803900872,,128.2074929,-0.282946069,81.95512195,4.45,11.3
2010,Kazakhstan,0,7155.342598,9.699999999,39.8,,7.579999291,65.86,8.13,11.6
2010,Kenya,250,1221.859289,5.90666608,46.5,,10.31277836,57.344,2.968,6.25
2010,Cambodia,0,697.7467582,13.25008691,,,6.61525912,64.293,1.13,4.1
2010,Kuwait,0,40476.29405,10.60904498,,,4.142975836,76.903,1.493,6.07
2010,Liberia,0,545.3980631,5.281212453,,,10.83435885,56.912,2.227,3.85
2010,Sri Lanka,0,2332.652318,6.241748044,,90.60491311,11.6396861,72.118,7.67,10.31
2010,Lesotho,0,843.4456948,3.466122481,,,3.437884231,43.233,16.966,6.93
2010,Lithuania,0,9766.487647,7.732367604,35.3,23.93573132,2.658484841,71.25365854,8.32,10.4
2010,Luxembourg,0,101222.0457,2.482874748,30.8,,2.487696652,79.43170732,4.49,10.26
2010,Latvia,0,10526.45225,10.72036596,39.0,,6.748450279,71.35609756,10.03,10.26
2010,Morocco,0,2336.503418,3.19224973,,53.66629657,0.98264166,68.704,11.01,4.34
2010,Maldives,250,7129.632121,-11.22316606,,33.92711513,1.300275009,74.751,7.332,4.69
2010,Mexico,1562,9524.742436,2.113247115,50.1,,3.988057146,74.376,3.56,8.45
2010,Mali,0,666.7944219,6.534778775,,,6.397882939,54.003,1.294,1.73
2010,Malta,0,18134.05204,3.383593722,,,3.007966525,79.3,6.92,10.13
2010,Mongolia,125,2041.868494,7.253665438,,,12.71656741,64.879,7.042,8.57
2010,Mozambique,1062,393.5109548,6.31202378,,,6.427552781,51.561,3.031,1.28
2010,Mauritania,0,1384.014295,8.566287249,,,12.12564872,61.656,9.854,4.06
2010,Mauritius,0,6472.873886,1.77754302,,41.69269483,4.93717005,72.43219512,9.52,7.84
2010,Malawi,0,412.9820434,3.268726021,,,15.41034466,52.044,4.939,4.41
2010,Malaysia,0,7209.61711,5.332139161,,42.06755976,2.975070927,74.096,3.53,9.71
2010,Namibia,0,3634.620326,2.529262658,,,2.28194607,51.787,22.328,5.97
2010,Niger,1875,404.2805689,7.331868843,44.4,,7.797497818,53.59,3.1,1.57
2010,Nicaragua,0,1568.41789,4.282398363,48.8,,9.599099861,67.936,5.37,5.98
2010,Netherlands,250,42201.77541,2.050876108,29.0,,1.688130179,79.34634146,5.87,10.8
2010,Norway,0,73524.25492,2.685084425,30.6,,1.532133676,80.04146341,4.38,11.78
2010,Nepal,875,603.7488472,3.479181048,,51.76462305,6.836332659,65.457,10.52,3.55
2010,New Zealand,0,35095.36316,3.353315797,,44.16984908,3.037023326,79.85121951,3.81,11.77
2010,Pakistan,2437,1208.68129,7.276574436,31.3,,9.06332737,62.466,0.591,4.93
2010,Panama,0,7872.785496,7.191279345,53.8,,3.181705195,75.829,5.949,9.18
2010,Peru,312,3828.852729,6.285060325,50.5,,1.616301939,72.986,4.87,9.55
2010,Philippines,0,2079.331829,4.942505119,,65.70974312,6.516853933,70.24,3.8,8.18
2010,Papua New Guinea,0,1886.527549,6.344795923,,,1.780804399,61.801,2.402,3.99
2010,Poland,0,8554.693897,3.506834614,35.8,,2.183798724,74.99512195,17.75,10.94
2010,Portugal,0,19224.03465,0.781848216,38.5,,2.277163949,78.07073171,7.58,7.02
2010,Paraguay,0,4171.24517,2.133490665,51.4,,6.807382031,70.527,4.82,7.59
2010,Qatar,0,58757.99267,7.492758483,,,8.814395323,76.064,0.865,7.29
2010,Romania,250,6325.221288,4.668148051,,19.35322537,9.014912833,71.91219512,7.17,10.31
2010,Rwanda,1875,447.4698277,9.377898103,52.0,,9.014089181,57.316,11.907,3.83
2010,Saudi Arabia,0,18295.45485,5.573850122,,,0.479230398,74.588,6.05,7.69
2010,Sudan,1250,2213.790771,5.643515513,,,8.505850759,57.279,14.976,3.15
2010,Senegal,0,1145.707636,4.310238526,39.2,,1.711333259,60.915,8.865,1.57
2010,Singapore,0,41798.48808,7.366322393,,94.96669378,0.425106277,79.9902439,5.59,8.83
2010,Sierra Leone,0,465.7784047,4.35349995,,,,48.237,3.553,3.22
2010,El Salvador,0,3146.470377,2.680830094,48.5,56.21581168,4.690948709,70.44,7.22,7.34
2010,Serbia,0,,,,,,,,
2010,Slovenia,0,19239.39991,3.797972642,24.6,,2.451501323,77.61219512,6.51,11.59
2010,Sweden,0,45990.37433,2.85880324,26.8,57.86921908,0.453170853,80.54634146,7.49,11.81
2010,Togo,0,644.9279638,-4.666299382,,,6.78292893,55.962,4.259,5.16
2010,Thailand,1625,4385.280806,4.187638429,,25.45812828,4.540369196,73.82,1.35,7.03
2010,Tajikistan,1250,617.9388638,6.699998517,,,7.091932441,66.514,13.119,10.38
2010,Tonga,0,3701.799626,0.081033894,,,8.665692211,69.768,2.502,9.33
2010,Trinidad and Tobago,0,14259.64748,6.20893788,,,6.874534596,71.308,7.95,10.08
2010,Tunisia,0,3259.708999,3.486545543,37.7,52.42052972,2.017786414,74.764,12.87,6.78
2010,Uganda,3125,604.7660079,6.332565116,42.9,,8.448726423,52.976,1.9,4.97
2010,Ukraine,0,2144.248047,3.071230392,29.0,,13.56957649,67.95682927,7.18,10.97
2010,Uruguay,0,11024.38804,7.46013213,,76.11445971,4.69927739,76.194,12.01,7.96
2010,South Africa,0,5458.230166,5.277051973,64.8,,2.062846165,53.98,19.744,8.65
2010,Zambia,0,941.4469541,7.235599007,,,18.3244397,50.659,15.9,6.42
2010,Zimbabwe,0,1105.755119,-5.711083707,,,,44.768,4.546,7.47
