Year,Country,Gov,BC,PI,RPE,PR,CL,Urban,Fertility
2000,Algeria,-2.0,2.0,1875,1.798,4.0,4.0,52.085,4.556
2001,Algeria,-2.0,2.0,2750,1.42,4.0,4.0,52.871,4.386
2002,Algeria,-7.0,2.0,3375,1.324,7.0,7.0,53.657,4.257
2003,Algeria,-7.0,2.0,0,1.364,7.0,7.0,54.439,4.059
2004,Algeria,-7.0,2.0,1875,1.307,7.0,7.0,55.219,3.846
2005,Algeria,-3.0,2.0,1875,1.301,6.0,6.0,55.997,3.456
2006,Algeria,-3.0,1.0,1875,1.304,6.0,6.0,56.774,3.136
2007,Algeria,-3.0,1.0,0,1.319,6.0,6.0,57.544,2.897
2008,Algeria,-3.0,0.0,0,1.185,6.0,6.0,58.313,2.712
2009,Algeria,-3.0,0.0,1250,1.169,6.0,6.0,59.118,2.624
2010,Algeria,-3.0,0.0,1562,1.329,6.0,6.0,59.919,2.566
2011,Algeria,-3.0,0.0,7,1.24,6.0,6.0,60.712,2.507
2012,Algeria,-3.0,0.0,0,1.241,6.0,6.0,61.501,2.456
2000,Angola,-7.0,0.0,0,1.118,7.0,7.0,37.144,7.272
2001,Angola,-88.0,0.0,3125,0.806,6.0,6.0,38.58,7.208
2002,Angola,-77.0,2.0,3125,1.497,6.0,6.0,40.039,7.138
2003,Angola,-88.0,3.0,1250,1.637,7.0,7.0,41.511,7.065
2004,Angola,-88.0,2.0,1250,0.868,7.0,7.0,43.0,6.99
2005,Angola,-88.0,2.0,0,0.815,6.0,6.0,44.169,6.918
2006,Angola,-88.0,7.0,0,1.248,6.0,6.0,45.346,6.851
2007,Angola,-6.0,8.0,0,1.13,6.0,6.0,46.525,6.789
2008,Angola,-6.0,8.0,0,0.93,6.0,6.0,47.71,6.732
2009,Angola,-6.0,8.0,0,1.164,6.0,6.0,48.897,6.683
2010,Angola,-6.0,5.0,0,1.21,6.0,6.0,50.087,6.639
2011,Angola,-6.0,5.0,3,1.113,6.0,6.0,51.274,6.601
2012,Angola,-2.0,6.0,0,1.388,6.0,6.0,52.461,6.567
2000,Argentina,7.0,0.0,2062,1.078,1.0,1.0,86.984,3.034
2001,Argentina,7.0,0.0,2625,1.252,1.0,1.0,87.328,3.012
2002,Argentina,7.0,0.0,2500,1.46,2.0,2.0,87.542,2.987
2003,Argentina,7.0,0.0,0,1.591,2.0,2.0,87.752,2.966
2004,Argentina,7.0,0.0,500,1.557,2.0,2.0,87.96,2.935
2005,Argentina,7.0,0.0,375,1.436,2.0,2.0,88.164,2.864
2006,Argentina,7.0,0.0,0,1.372,2.0,2.0,88.366,2.781
2007,Argentina,7.0,0.0,0,1.423,2.0,2.0,88.564,2.706
2008,Argentina,7.0,0.0,625,1.455,3.0,3.0,88.759,2.662
2009,Argentina,8.0,0.0,0,1.455,2.0,2.0,88.952,2.643
2010,Argentina,8.0,0.0,0,1.433,1.0,1.0,89.142,2.591
2011,Argentina,8.0,0.0,3,1.39,3.0,3.0,89.329,2.531
2012,Argentina,8.0,0.0,250,1.166,3.0,3.0,89.51,2.493
2000,Armenia,8.0,0.0,0,1.94,2.0,2.0,91.121,2.33
2001,Armenia,6.0,10.0,0,1.02,5.0,5.0,67.15,2.645
2002,Armenia,6.0,16.0,437,1.354,4.0,4.0,66.878,2.508
2003,Armenia,6.0,16.0,0,0.833,3.0,3.0,66.606,2.315
2004,Armenia,6.0,9.0,0,0.833,3.0,3.0,66.332,2.167
2005,Armenia,1.0,6.0,0,0.839,4.0,4.0,66.057,2.055
2006,Armenia,-6.0,6.0,0,0.855,5.0,5.0,65.781,1.97
2007,Armenia,-6.0,6.0,0,1.083,5.0,5.0,65.504,1.892
2008,Armenia,5.0,4.0,250,1.152,4.0,4.0,65.226,1.791
2009,Armenia,5.0,3.0,0,1.29,4.0,4.0,64.947,1.709
2010,Armenia,5.0,0.0,0,1.148,4.0,4.0,64.666,1.603
2011,Armenia,5.0,0.0,1,1.088,4.0,4.0,64.385,1.544
2012,Armenia,5.0,0.0,0,1.099,4.0,4.0,64.236,1.525
2000,Australia,10.0,0.0,0,0.917,1.0,1.0,85.433,1.902
2001,Australia,10.0,0.0,0,0.869,1.0,1.0,85.403,1.849
2002,Australia,10.0,0.0,0,0.849,1.0,1.0,85.285,1.888
2003,Australia,10.0,0.0,0,0.86,1.0,1.0,85.157,1.859
2004,Australia,10.0,0.0,0,0.882,1.0,1.0,85.028,1.842
2005,Australia,10.0,0.0,312,0.898,1.0,1.0,84.898,1.822
2006,Australia,10.0,0.0,0,0.912,1.0,1.0,84.767,1.796
2007,Australia,10.0,0.0,0,0.897,1.0,1.0,84.636,1.778
2008,Australia,10.0,0.0,0,0.914,1.0,1.0,84.503,1.762
2009,Australia,10.0,0.0,0,0.918,1.0,1.0,84.37,1.755
2010,Australia,10.0,0.0,250,0.922,1.0,1.0,84.235,1.756
2011,Australia,10.0,0.0,0,0.87,1.0,1.0,84.1,1.739
2012,Australia,10.0,0.0,812,0.893,1.0,1.0,84.222,1.756
2000,Austria,10.0,0.0,375,1.31,1.0,1.0,62.96,1.46
2001,Austria,10.0,0.0,0,1.319,1.0,1.0,62.689,1.51
2002,Austria,10.0,0.0,1187,1.367,1.0,1.0,62.417,1.51
2003,Austria,10.0,0.0,250,1.381,1.0,1.0,62.144,1.5
2004,Austria,10.0,0.0,0,1.372,1.0,1.0,61.87,1.47
2005,Austria,10.0,0.0,0,1.346,1.0,1.0,61.596,1.42
2006,Austria,10.0,0.0,0,1.38,1.0,1.0,61.32,1.45
2007,Austria,10.0,0.0,0,1.391,1.0,1.0,61.045,1.39
2008,Austria,10.0,0.0,250,1.376,1.0,1.0,60.768,1.37
2009,Austria,10.0,0.0,0,1.351,1.0,1.0,60.491,1.34
2010,Austria,10.0,0.0,0,1.307,1.0,1.0,60.213,1.36
2011,Austria,10.0,0.0,0,1.347,1.0,1.0,59.934,1.33
2012,Austria,10.0,0.0,0,1.303,1.0,1.0,59.655,1.39
2000,Azerbaijan,10.0,0.0,0,1.198,1.0,1.0,57.147,1.44
2001,Azerbaijan,-3.0,10.0,0,1.641,5.0,5.0,53.441,2.87
2002,Azerbaijan,1.0,13.0,0,1.636,5.0,5.0,53.132,2.74
2003,Azerbaijan,-3.0,13.0,125,1.814,6.0,6.0,52.824,2.7
2004,Azerbaijan,-3.0,10.0,0,0.873,6.0,6.0,52.515,2.52
2005,Azerbaijan,-6.0,7.0,812,0.989,6.0,6.0,52.206,2.29
2006,Azerbaijan,-6.0,7.0,0,0.702,6.0,6.0,51.896,2.06
2007,Azerbaijan,-6.0,3.0,0,0.783,6.0,6.0,51.588,2.07
2008,Azerbaijan,-7.0,4.0,0,0.795,6.0,6.0,51.278,2.0
2009,Azerbaijan,-7.0,7.0,0,0.663,6.0,6.0,51.185,2.07
2010,Azerbaijan,-7.0,4.0,0,0.563,6.0,6.0,51.386,2.0
2011,Azerbaijan,-7.0,4.0,5,0.549,6.0,6.0,51.587,1.8
2012,Azerbaijan,-7.0,4.0,688,0.568,6.0,6.0,51.787,1.8
2000,Bahrain,-10.0,0.0,0,0.825,6.0,6.0,88.14,3.758
2001,Bahrain,-10.0,0.0,0,0.9,6.0,6.0,88.329,3.593
2002,Bahrain,-10.0,0.0,0,0.968,6.0,6.0,88.398,3.519
2003,Bahrain,-9.0,0.0,0,0.948,6.0,6.0,88.395,3.415
2004,Bahrain,-9.0,0.0,0,0.955,6.0,6.0,88.392,3.263
2005,Bahrain,-9.0,0.0,125,0.859,6.0,6.0,88.388,3.127
2006,Bahrain,-9.0,0.0,312,0.858,7.0,7.0,88.385,3.007
2007,Bahrain,-9.0,0.0,0,0.87,7.0,7.0,88.382,2.936
2008,Bahrain,-9.0,0.0,0,1.056,7.0,7.0,88.379,2.889
2009,Bahrain,-9.0,0.0,0,0.844,7.0,7.0,88.376,2.869
2010,Bahrain,-9.0,0.0,0,1.108,7.0,7.0,88.372,2.778
2011,Bahrain,-8.0,0.0,62,1.055,6.0,6.0,88.369,2.664
2012,Bahrain,-7.0,0.0,6188,1.009,5.0,5.0,88.373,2.69
2000,Belgium,10.0,0.0,0,1.33,1.0,1.0,96.377,1.62
2001,Belgium,10.0,0.0,0,1.333,1.0,1.0,96.461,1.66
2002,Belgium,10.0,0.0,0,1.316,1.0,1.0,96.542,1.65
2003,Belgium,10.0,0.0,0,1.367,1.0,1.0,96.622,1.61
2004,Belgium,10.0,0.0,0,1.361,1.0,1.0,96.7,1.56
2005,Belgium,10.0,0.0,250,1.347,1.0,1.0,96.777,1.56
2006,Belgium,10.0,0.0,0,1.351,1.0,1.0,96.851,1.59
2007,Belgium,10.0,0.0,250,1.346,1.0,1.0,96.924,1.6
2008,Belgium,10.0,0.0,500,1.359,1.0,1.0,96.996,1.6
2009,Belgium,10.0,0.0,125,1.342,1.0,1.0,97.065,1.62
2010,Belgium,10.0,0.0,250,1.305,1.0,1.0,97.129,1.67
2011,Belgium,10.0,0.0,1,1.299,1.0,1.0,97.186,1.67
2012,Belgium,10.0,0.0,625,1.299,1.0,1.0,97.241,1.65
2000,Benin,-88.0,3.0,0,1.045,6.0,6.0,34.485,6.732
2001,Benin,6.0,3.0,0,0.972,2.0,2.0,35.247,6.667
2002,Benin,6.0,3.0,0,1.05,2.0,2.0,35.827,6.596
2003,Benin,6.0,3.0,0,1.087,2.0,2.0,36.136,6.506
2004,Benin,6.0,1.0,0,1.01,2.0,2.0,36.447,6.413
2005,Benin,6.0,1.0,0,1.075,2.0,2.0,36.758,6.314
2006,Benin,6.0,1.0,0,1.103,2.0,2.0,37.071,6.261
2007,Benin,6.0,2.0,0,1.093,2.0,2.0,37.385,6.204
2008,Benin,6.0,1.0,0,1.066,2.0,2.0,37.699,6.097
2009,Benin,6.0,1.0,0,1.137,2.0,2.0,38.015,5.998
2010,Benin,6.0,1.0,0,1.061,2.0,2.0,38.333,5.89
2011,Benin,6.0,4.0,0,1.08,3.0,3.0,38.65,5.824
2012,Benin,6.0,4.0,0,1.13,3.0,3.0,39.036,5.777
2000,Burkina Faso,-7.0,2.0,0,0.807,6.0,6.0,13.815,7.009
2001,Burkina Faso,-5.0,2.0,0,0.8,6.0,6.0,14.07,6.973
2002,Burkina Faso,-5.0,2.0,0,0.689,5.0,5.0,14.33,6.936
2003,Burkina Faso,-5.0,2.0,0,0.701,5.0,5.0,14.593,6.889
2004,Burkina Faso,-5.0,3.0,0,0.829,5.0,5.0,14.86,6.843
2005,Burkina Faso,-5.0,2.0,0,0.912,5.0,5.0,15.131,6.814
2006,Burkina Faso,-5.0,1.0,0,0.965,5.0,5.0,15.407,6.779
2007,Burkina Faso,-5.0,1.0,0,0.988,5.0,5.0,15.875,6.724
2008,Burkina Faso,-4.0,0.0,437,0.922,5.0,5.0,16.51,6.661
2009,Burkina Faso,-4.0,0.0,0,1.021,4.0,4.0,17.166,6.586
2010,Burkina Faso,-3.0,2.0,0,0.908,4.0,4.0,17.844,6.519
2011,Burkina Faso,0.0,2.0,6,0.858,4.0,4.0,18.54,6.431
2012,Burkina Faso,0.0,2.0,0,0.893,4.0,4.0,19.258,6.339
2000,Bhutan,-10.0,11.0,0,0.387,6.0,6.0,16.388,5.604
2001,Bhutan,-10.0,12.0,0,0.399,6.0,6.0,17.161,5.451
2002,Bhutan,-10.0,12.0,0,0.415,7.0,7.0,17.962,5.267
2003,Bhutan,-10.0,12.0,1250,0.498,7.0,7.0,18.791,5.072
2004,Bhutan,-10.0,9.0,1250,0.491,7.0,7.0,19.649,4.866
2005,Bhutan,-10.0,9.0,1250,0.516,7.0,7.0,20.537,4.624
2006,Bhutan,-10.0,9.0,1250,0.582,7.0,7.0,21.456,4.369
2007,Bhutan,-10.0,9.0,0,0.51,7.0,7.0,22.401,4.088
2008,Bhutan,-10.0,9.0,0,0.625,7.0,7.0,23.377,3.853
2009,Bhutan,-10.0,8.0,0,0.546,7.0,7.0,24.383,3.607
2010,Bhutan,-10.0,7.0,0,0.774,7.0,7.0,25.418,3.414
2011,Bhutan,-10.0,9.0,0,0.679,7.0,7.0,26.48,3.232
2012,Bhutan,-10.0,9.0,0,0.741,6.0,6.0,27.57,3.078
2000,Belarus,3.0,7.0,0,1.027,4.0,4.0,36.371,2.138
2001,Belarus,6.0,0.0,0,0.533,4.0,4.0,66.374,1.805
2002,Belarus,6.0,0.0,125,0.702,4.0,4.0,66.766,1.764
2003,Belarus,6.0,0.0,0,0.795,5.0,5.0,67.155,1.623
2004,Belarus,8.0,4.0,125,0.862,4.0,4.0,67.541,1.533
2005,Belarus,0.0,4.0,437,2.22,5.0,5.0,67.926,1.406
2006,Belarus,-7.0,4.0,312,1.848,6.0,6.0,68.308,1.335
2007,Belarus,-7.0,0.0,0,2.016,6.0,6.0,68.687,1.25
2008,Belarus,-7.0,0.0,0,2.093,6.0,6.0,69.064,1.3
2009,Belarus,-7.0,4.0,0,2.022,6.0,6.0,69.482,1.31
2010,Belarus,-7.0,4.0,437,1.845,6.0,6.0,69.973,1.317
2011,Belarus,-7.0,4.0,12,1.746,6.0,6.0,70.458,1.286
2012,Belarus,-7.0,4.0,0,1.575,6.0,6.0,70.939,1.24
2000,Bangladesh,-5.0,12.0,0,0.436,5.0,5.0,19.811,4.479
2001,Bangladesh,6.0,14.0,687,0.449,2.0,2.0,20.257,4.24
2002,Bangladesh,6.0,14.0,375,0.495,2.0,2.0,20.61,4.026
2003,Bangladesh,6.0,14.0,3562,0.524,2.0,2.0,20.966,3.852
2004,Bangladesh,6.0,11.0,875,0.497,2.0,2.0,21.328,3.774
2005,Bangladesh,6.0,11.0,0,0.513,3.0,3.0,21.693,3.605
2006,Bangladesh,6.0,11.0,1375,0.504,2.0,2.0,22.064,3.504
2007,Bangladesh,6.0,11.0,750,0.504,2.0,2.0,22.438,3.491
2008,Bangladesh,6.0,11.0,625,0.498,2.0,2.0,22.818,3.393
2009,Bangladesh,6.0,12.0,1875,0.473,3.0,3.0,23.202,3.304
2010,Bangladesh,6.0,11.0,562,0.451,3.0,3.0,23.59,3.218
2011,Bangladesh,6.0,13.0,7,0.504,3.0,3.0,24.096,3.146
2012,Bangladesh,6.0,13.0,3375,0.502,4.0,4.0,24.756,3.084
2000,Bolivia,9.0,3.0,1687,0.433,2.0,2.0,55.577,4.89
2001,Bolivia,9.0,3.0,437,0.48,2.0,2.0,56.579,4.81
2002,Bolivia,9.0,3.0,437,0.614,2.0,2.0,57.541,4.713
2003,Bolivia,9.0,3.0,4312,0.695,2.0,2.0,58.079,4.592
2004,Bolivia,9.0,3.0,687,0.803,2.0,2.0,58.615,4.494
2005,Bolivia,9.0,4.0,1875,0.864,2.0,2.0,59.15,4.409
2006,Bolivia,9.0,3.0,250,0.875,2.0,2.0,59.682,4.336
2007,Bolivia,9.0,3.0,1125,1.034,1.0,1.0,60.212,4.219
2008,Bolivia,9.0,0.0,1375,1.241,1.0,1.0,60.739,4.149
2009,Bolivia,9.0,0.0,0,1.194,1.0,1.0,61.264,4.09
2010,Bolivia,9.0,0.0,0,1.385,1.0,1.0,61.787,3.991
2011,Bolivia,9.0,0.0,0,1.328,1.0,1.0,62.306,3.89
2012,Bolivia,9.0,0.0,688,1.319,2.0,2.0,62.783,3.802
2000,Botswana,7.0,3.0,0,0.548,1.0,1.0,41.933,4.487
2001,Botswana,7.0,3.0,0,0.733,1.0,1.0,45.292,4.339
2002,Botswana,7.0,3.0,0,0.876,1.0,1.0,46.443,4.229
2003,Botswana,7.0,3.0,0,0.741,2.0,2.0,47.286,4.13
2004,Botswana,7.0,3.0,0,0.579,2.0,2.0,48.133,4.009
2005,Botswana,7.0,3.0,0,0.571,2.0,2.0,48.981,3.803
2006,Botswana,7.0,3.0,0,0.503,2.0,2.0,49.83,3.6
2007,Botswana,8.0,0.0,0,0.545,2.0,2.0,50.677,3.458
2008,Botswana,8.0,0.0,0,0.599,2.0,2.0,51.525,3.396
2009,Botswana,8.0,0.0,0,0.603,2.0,2.0,52.372,3.342
2010,Botswana,8.0,0.0,0,0.589,2.0,2.0,53.219,3.312
2011,Botswana,8.0,0.0,0,0.586,2.0,2.0,54.062,3.261
2012,Botswana,8.0,0.0,0,0.743,2.0,2.0,54.57,3.181
2000,Brazil,8.0,7.0,812,1.612,2.0,2.0,73.922,2.905
2001,Brazil,8.0,7.0,125,1.267,2.0,2.0,74.69,2.815
2002,Brazil,8.0,7.0,625,1.275,2.0,2.0,75.444,2.719
2003,Brazil,8.0,7.0,875,1.365,3.0,3.0,76.181,2.672
2004,Brazil,8.0,7.0,500,1.526,2.0,2.0,76.903,2.617
2005,Brazil,8.0,8.0,125,1.462,2.0,2.0,77.61,2.579
2006,Brazil,8.0,7.0,562,1.395,2.0,2.0,78.302,2.516
2007,Brazil,8.0,7.0,0,1.321,3.0,3.0,79.048,2.465
2008,Brazil,8.0,4.0,125,1.543,3.0,3.0,79.781,2.409
2009,Brazil,8.0,4.0,0,1.664,3.0,3.0,80.496,2.331
2010,Brazil,8.0,4.0,0,1.698,3.0,3.0,81.192,2.255
2011,Brazil,8.0,4.0,1,1.773,3.0,3.0,81.553,2.183
2012,Brazil,8.0,4.0,1312,1.881,2.0,2.0,81.88,2.103
2000,Burundi,-6.0,3.0,1875,1.109,7.0,7.0,6.271,7.365
2001,Burundi,-6.0,3.0,3750,1.271,7.0,7.0,6.455,7.336
2002,Burundi,-88.0,5.0,3125,1.233,6.0,6.0,6.637,7.301
2003,Burundi,-77.0,5.0,2187,1.277,7.0,7.0,6.823,7.272
2004,Burundi,-77.0,12.0,3125,1.384,6.0,6.0,7.014,7.23
2005,Burundi,-77.0,5.0,1875,1.357,6.0,6.0,7.211,7.184
2006,Burundi,-5.0,12.0,1875,1.123,7.0,7.0,7.412,7.123
2007,Burundi,-5.0,10.0,0,1.04,7.0,7.0,7.618,7.04
2008,Burundi,-1.0,10.0,1875,1.259,7.0,7.0,7.83,6.958
2009,Burundi,-1.0,7.0,1875,1.151,6.0,6.0,8.036,6.897
2010,Burundi,-1.0,7.0,1875,1.195,6.0,6.0,8.246,6.872
2011,Burundi,-88.0,8.0,0,1.129,6.0,6.0,8.461,6.849
2012,Burundi,-88.0,7.0,0,1.082,6.0,6.0,8.682,6.819
2000,Bulgaria,7.0,3.0,125,,3.0,3.0,66.377,1.82
2001,Bulgaria,7.0,3.0,0,1.297,2.0,2.0,66.717,1.66
2002,Bulgaria,8.0,3.0,125,1.026,2.0,2.0,67.056,1.55
2003,Bulgaria,8.0,3.0,0,0.984,2.0,2.0,67.33,1.46
2004,Bulgaria,8.0,3.0,0,1.216,2.0,2.0,67.557,1.37
2005,Bulgaria,8.0,3.0,0,1.032,2.0,2.0,67.782,1.23
2006,Bulgaria,8.0,3.0,0,1.482,2.0,2.0,68.007,1.23
2007,Bulgaria,8.0,3.0,937,1.385,2.0,2.0,68.231,1.09
2008,Bulgaria,8.0,6.0,0,1.551,2.0,2.0,68.454,1.11
2009,Bulgaria,8.0,10.0,437,1.432,2.0,2.0,68.677,1.23
2010,Bulgaria,8.0,0.0,0,1.445,2.0,2.0,68.899,1.26
2011,Bulgaria,9.0,0.0,3,1.466,1.0,1.0,69.166,1.21
2012,Bulgaria,9.0,0.0,0,1.316,1.0,1.0,69.524,1.23
2000,Cambodia,-88.0,2.0,0,,7.0,7.0,15.546,5.644
2001,Cambodia,-88.0,0.0,0,,6.0,6.0,15.887,5.565
2002,Cambodia,-88.0,0.0,0,,6.0,6.0,16.234,5.447
2003,Cambodia,1.0,0.0,250,,4.0,4.0,16.587,5.274
2004,Cambodia,1.0,0.0,0,0.446,4.0,4.0,16.946,5.052
2005,Cambodia,1.0,0.0,0,0.44,6.0,6.0,17.311,4.824
2006,Cambodia,1.0,0.0,0,0.493,6.0,6.0,17.683,4.594
2007,Cambodia,-7.0,0.0,0,0.481,7.0,7.0,18.06,4.391
2008,Cambodia,2.0,0.0,0,0.474,6.0,6.0,18.355,4.139
2009,Cambodia,2.0,0.0,0,0.556,6.0,6.0,18.47,3.922
2010,Cambodia,2.0,0.0,0,0.548,6.0,6.0,18.586,3.772
2011,Cambodia,2.0,0.0,0,0.515,6.0,6.0,18.703,3.652
2012,Cambodia,2.0,0.0,438,0.524,6.0,6.0,18.82,3.555
2000,Canada,10.0,0.0,437,1.145,1.0,1.0,76.582,1.83
2001,Canada,10.0,0.0,0,1.171,1.0,1.0,76.62,1.72
2002,Canada,10.0,0.0,0,1.151,1.0,1.0,76.887,1.71
2003,Canada,10.0,0.0,125,1.119,1.0,1.0,77.152,1.69
2004,Canada,10.0,0.0,0,1.1,1.0,1.0,77.414,1.69
2005,Canada,10.0,0.0,0,1.096,1.0,1.0,77.675,1.67
2006,Canada,10.0,0.0,125,1.094,1.0,1.0,77.951,1.63
2007,Canada,10.0,0.0,0,1.113,1.0,1.0,78.34,1.57
2008,Canada,10.0,0.0,562,1.11,1.0,1.0,78.724,1.56
2009,Canada,10.0,0.0,0,1.086,1.0,1.0,79.103,1.55
2010,Canada,10.0,0.0,0,1.026,1.0,1.0,79.478,1.51
2011,Canada,10.0,2.0,3,1.011,1.0,1.0,79.81,1.54
2012,Canada,10.0,0.0,2250,0.985,1.0,1.0,79.888,1.52
2000,Cameroon,-3.0,6.0,0,0.576,6.0,6.0,39.657,6.392
2001,Cameroon,-3.0,6.0,0,0.586,6.0,6.0,40.235,6.347
2002,Cameroon,-5.0,6.0,0,0.625,6.0,6.0,40.817,6.29
2003,Cameroon,-5.0,7.0,0,0.589,6.0,6.0,41.399,6.194
2004,Cameroon,-5.0,4.0,0,0.577,6.0,6.0,41.985,6.082
2005,Cameroon,-5.0,0.0,0,0.73,7.0,7.0,42.573,5.955
2006,Cameroon,-5.0,0.0,0,0.719,7.0,7.0,43.164,5.828
2007,Cameroon,-5.0,4.0,0,0.695,7.0,7.0,43.755,5.723
2008,Cameroon,-5.0,4.0,125,0.795,7.0,7.0,44.348,5.668
2009,Cameroon,-5.0,4.0,0,0.74,7.0,7.0,44.944,5.629
2010,Cameroon,-5.0,1.0,0,0.693,7.0,7.0,45.542,5.53
2011,Cameroon,-5.0,5.0,0,0.823,6.0,6.0,46.139,5.443
2012,Cameroon,-5.0,6.0,0,0.772,6.0,6.0,46.738,5.458
2000,Central African Republic,-7.0,10.0,0,0.801,6.0,6.0,36.825,6.045
2001,Central African Republic,-6.0,10.0,1875,0.636,6.0,6.0,36.906,6.032
2002,Central African Republic,-6.0,12.0,2125,0.635,6.0,6.0,36.987,5.975
2003,Central African Republic,5.0,13.0,1875,0.538,3.0,3.0,37.068,5.94
2004,Central African Republic,5.0,12.0,0,0.492,3.0,3.0,37.149,5.933
2005,Central African Republic,5.0,8.0,0,0.659,3.0,3.0,37.231,5.972
2006,Central African Republic,5.0,13.0,0,0.472,3.0,3.0,37.312,5.989
2007,Central African Republic,5.0,14.0,0,0.539,3.0,3.0,37.394,5.96
2008,Central African Republic,5.0,14.0,0,0.612,3.0,3.0,37.475,5.934
2009,Central African Republic,5.0,14.0,0,0.621,3.0,3.0,37.557,5.933
2010,Central African Republic,5.0,11.0,3125,0.619,3.0,3.0,37.639,5.915
2011,Central African Republic,5.0,11.0,12,0.578,5.0,5.0,37.72,5.851
2012,Central African Republic,5.0,12.0,3125,0.679,5.0,5.0,37.802,5.836
2000,Chad,-3.0,7.0,0,0.617,7.0,7.0,20.811,7.219
2001,Chad,-3.0,7.0,125,0.51,6.0,6.0,21.023,7.261
2002,Chad,-3.0,7.0,0,0.514,6.0,6.0,21.235,7.296
2003,Chad,-88.0,7.0,0,0.48,6.0,6.0,21.408,7.337
2004,Chad,-88.0,7.0,1875,0.401,6.0,6.0,21.44,7.31
2005,Chad,-88.0,7.0,0,0.452,6.0,6.0,21.473,7.29
2006,Chad,-1.0,7.0,1875,0.535,6.0,6.0,21.506,7.292
2007,Chad,-1.0,7.0,125,0.558,6.0,6.0,21.538,7.274
2008,Chad,-1.0,6.0,1875,0.552,6.0,6.0,21.571,7.266
2009,Chad,-1.0,6.0,1875,0.581,6.0,6.0,21.604,7.262
2010,Chad,-1.0,6.0,1875,0.558,6.0,6.0,21.637,7.249
2011,Chad,-1.0,7.0,0,0.507,6.0,6.0,21.67,7.231
2012,Chad,-1.0,7.0,0,0.588,6.0,6.0,21.702,7.201
2000,Chile,8.0,3.0,0,0.563,2.0,2.0,83.271,2.579
2001,Chile,8.0,3.0,0,0.607,2.0,2.0,83.398,2.558
2002,Chile,8.0,3.0,125,0.648,2.0,2.0,83.564,2.478
2003,Chile,8.0,3.0,375,0.669,2.0,2.0,83.896,2.43
2004,Chile,8.0,3.0,375,0.643,2.0,2.0,84.223,2.377
2005,Chile,8.0,4.0,0,0.624,2.0,2.0,84.545,2.303
2006,Chile,8.0,3.0,375,0.681,2.0,2.0,84.861,2.245
2007,Chile,8.0,3.0,0,0.664,2.0,2.0,85.172,2.177
2008,Chile,8.0,0.0,0,0.667,3.0,3.0,85.477,2.112
2009,Chile,8.0,0.0,0,0.626,2.0,2.0,85.778,2.044
2010,Chile,9.0,0.0,0,0.638,2.0,2.0,86.073,1.987
2011,Chile,9.0,0.0,14,0.644,2.0,2.0,86.363,1.961
2012,Chile,9.0,0.0,2188,0.64,2.0,2.0,86.606,1.935
2000,Colombia,8.0,3.0,8687,0.614,3.0,3.0,69.481,3.082
2001,Colombia,9.0,3.0,8687,0.742,2.0,2.0,69.949,3.047
2002,Colombia,9.0,3.0,8125,0.837,2.0,2.0,70.415,3.01
2003,Colombia,9.0,3.0,12687,0.885,2.0,2.0,70.874,2.967
2004,Colombia,9.0,3.0,14875,0.994,3.0,3.0,71.328,2.918
2005,Colombia,7.0,5.0,7187,1.022,4.0,4.0,71.777,2.862
2006,Colombia,7.0,3.0,6562,1.069,4.0,4.0,72.223,2.802
2007,Colombia,7.0,3.0,3375,1.144,4.0,4.0,72.662,2.742
2008,Colombia,7.0,0.0,3125,1.098,3.0,3.0,73.098,2.683
2009,Colombia,7.0,0.0,0,1.033,4.0,4.0,73.53,2.627
2010,Colombia,7.0,0.0,0,1.006,4.0,4.0,73.957,2.572
2011,Colombia,7.0,0.0,12,1.14,4.0,4.0,74.379,2.516
2012,Colombia,7.0,0.0,8125,1.132,4.0,4.0,74.797,2.458
2000,Comoros,4.0,0.0,0,1.032,5.0,5.0,27.869,6.497
2001,Comoros,4.0,0.0,3750,0.868,4.0,4.0,28.366,6.358
2002,Comoros,4.0,0.0,0,1.033,4.0,4.0,28.435,6.205
2003,Comoros,4.0,0.0,2000,0.99,4.0,4.0,28.39,6.052
2004,Comoros,4.0,0.0,2000,1.031,4.0,4.0,28.346,5.897
2005,Comoros,-77.0,0.0,0,0.922,4.0,4.0,28.301,5.784
2006,Comoros,4.0,0.0,0,0.874,4.0,4.0,28.257,5.69
2007,Comoros,4.0,0.0,0,1.033,5.0,5.0,28.213,5.593
2008,Comoros,4.0,0.0,0,0.793,5.0,5.0,28.168,5.492
2009,Comoros,-2.0,0.0,0,0.823,6.0,6.0,28.124,5.372
2010,Comoros,-1.0,0.0,0,0.71,6.0,6.0,28.08,5.297
2011,Comoros,0.0,0.0,0,0.72,6.0,6.0,28.036,5.254
2012,Comoros,4.0,0.0,0,0.824,5.0,5.0,27.992,5.206
2000,Costa Rica,10.0,3.0,125,1.054,1.0,1.0,50.003,3.205
2001,Costa Rica,10.0,0.0,0,0.854,1.0,1.0,50.917,3.119
2002,Costa Rica,10.0,0.0,0,0.948,1.0,1.0,51.832,3.037
2003,Costa Rica,10.0,0.0,2500,0.943,1.0,1.0,52.743,2.964
2004,Costa Rica,10.0,0.0,0,0.9,1.0,1.0,53.653,2.888
2005,Costa Rica,10.0,0.0,0,0.937,1.0,1.0,54.561,2.804
2006,Costa Rica,10.0,0.0,0,0.955,1.0,1.0,55.467,2.71
2007,Costa Rica,10.0,0.0,0,0.939,1.0,1.0,56.367,2.64
2008,Costa Rica,10.0,0.0,0,0.937,1.0,1.0,57.264,2.534
2009,Costa Rica,10.0,0.0,0,0.956,1.0,1.0,58.157,2.48
2010,Costa Rica,10.0,0.0,0,0.925,1.0,1.0,59.052,2.412
2011,Costa Rica,10.0,0.0,19,0.963,1.0,1.0,60.41,2.325
2012,Costa Rica,10.0,0.0,0,0.961,1.0,1.0,61.753,2.2
2000,Croatia,10.0,0.0,0,0.91,1.0,1.0,73.946,1.876
2001,Croatia,-3.0,0.0,125,0.962,3.0,3.0,51.357,1.53
2002,Croatia,-3.0,6.0,250,1.234,4.0,4.0,51.588,1.48
2003,Croatia,-3.0,6.0,0,1.381,4.0,4.0,51.818,1.52
2004,Croatia,-3.0,6.0,0,1.795,4.0,4.0,52.048,1.47
2005,Croatia,-5.0,6.0,0,1.94,4.0,4.0,52.279,1.58
2006,Croatia,-5.0,0.0,0,1.904,4.0,4.0,52.509,1.67
2007,Croatia,-5.0,0.0,0,1.832,4.0,4.0,52.739,1.69
2008,Croatia,-5.0,3.0,0,1.987,4.0,4.0,52.968,1.45
2009,Croatia,-88.0,7.0,0,1.866,4.0,4.0,53.198,1.38
2010,Croatia,8.0,0.0,0,1.692,2.0,2.0,53.428,1.39
2011,Croatia,8.0,0.0,0,1.625,2.0,2.0,53.642,1.46
2012,Croatia,8.0,0.0,0,1.694,2.0,2.0,53.81,1.42
2000,Cuba,-7.0,0.0,250,2.526,7.0,7.0,73.364,1.804
2001,Cuba,-7.0,0.0,0,2.615,7.0,7.0,73.676,1.658
2002,Cuba,-7.0,0.0,0,2.882,7.0,7.0,73.827,1.561
2003,Cuba,-7.0,0.0,0,2.745,7.0,7.0,73.977,1.491
2004,Cuba,-7.0,0.0,0,3.062,7.0,7.0,74.127,1.461
2005,Cuba,-7.0,0.0,0,3.013,7.0,7.0,74.277,1.471
2006,Cuba,-7.0,0.0,0,2.536,7.0,7.0,74.426,1.437
2007,Cuba,-7.0,0.0,0,2.669,7.0,7.0,74.618,1.563
2008,Cuba,-7.0,0.0,0,2.834,7.0,7.0,74.855,1.588
2009,Cuba,-7.0,0.0,0,2.899,7.0,7.0,75.089,1.618
2010,Cuba,-7.0,0.0,125,2.87,7.0,7.0,75.323,1.581
2011,Cuba,-7.0,0.0,0,2.763,7.0,7.0,75.555,1.563
2012,Cuba,-7.0,0.0,0,2.796,7.0,7.0,75.785,1.608
2000,Cyprus,10.0,3.0,0,1.004,1.0,1.0,66.776,2.405
2001,Cyprus,10.0,3.0,0,0.96,1.0,1.0,67.188,2.336
2002,Cyprus,10.0,3.0,0,0.995,1.0,1.0,67.598,2.461
2003,Cyprus,10.0,3.0,0,1.074,1.0,1.0,67.792,2.247
2004,Cyprus,10.0,3.0,0,1.133,1.0,1.0,67.915,2.167
2005,Cyprus,10.0,3.0,0,1.065,1.0,1.0,68.038,2.033
2006,Cyprus,10.0,3.0,0,1.019,1.0,1.0,68.161,1.953
2007,Cyprus,10.0,3.0,0,0.977,1.0,1.0,68.283,1.858
2008,Cyprus,10.0,3.0,0,1.029,1.0,1.0,68.405,1.764
2009,Cyprus,10.0,3.0,0,1.047,1.0,1.0,68.527,1.674
2010,Cyprus,10.0,0.0,0,1.126,1.0,1.0,68.648,1.637
2011,Cyprus,10.0,0.0,1,1.147,1.0,1.0,68.769,1.563
2012,Cyprus,10.0,0.0,0,1.155,1.0,1.0,68.694,1.498
2000,Denmark,10.0,0.0,0,1.405,1.0,1.0,84.843,1.67
2001,Denmark,10.0,0.0,0,1.376,1.0,1.0,84.871,1.68
2002,Denmark,10.0,0.0,0,1.38,1.0,1.0,84.898,1.76
2003,Denmark,10.0,0.0,0,1.42,1.0,1.0,84.925,1.75
2004,Denmark,10.0,0.0,0,1.435,1.0,1.0,84.952,1.81
2005,Denmark,10.0,0.0,0,1.424,1.0,1.0,84.979,1.8
2006,Denmark,10.0,0.0,0,1.414,1.0,1.0,85.006,1.75
2007,Denmark,10.0,0.0,437,1.399,1.0,1.0,85.033,1.75
2008,Denmark,10.0,0.0,250,1.411,1.0,1.0,85.06,1.72
2009,Denmark,10.0,0.0,0,1.406,1.0,1.0,85.086,1.73
2010,Denmark,10.0,0.0,0,1.337,1.0,1.0,85.1,1.77
2011,Denmark,10.0,0.0,0,1.308,1.0,1.0,85.15,1.74
2012,Denmark,10.0,0.0,0,1.289,1.0,1.0,85.25,1.72
2000,Djibouti,-8.0,11.0,1875,1.426,6.0,6.0,75.957,5.982
2001,Djibouti,-8.0,11.0,0,1.441,6.0,6.0,76.114,5.877
2002,Djibouti,-7.0,5.0,0,1.699,6.0,6.0,76.161,5.774
2003,Djibouti,-7.0,5.0,0,1.808,6.0,6.0,76.207,5.663
2004,Djibouti,-7.0,5.0,0,1.907,6.0,6.0,76.254,5.529
2005,Djibouti,-7.0,5.0,0,1.794,5.0,5.0,76.3,5.34
2006,Djibouti,-6.0,5.0,0,1.78,5.0,5.0,76.347,5.153
2007,Djibouti,-6.0,5.0,0,1.627,5.0,5.0,76.393,4.957
2008,Djibouti,-6.0,15.0,0,1.487,5.0,5.0,76.439,4.777
2009,Djibouti,1.0,16.0,0,1.452,4.0,4.0,76.485,4.67
2010,Djibouti,1.0,16.0,0,1.447,4.0,4.0,76.532,4.578
2011,Djibouti,1.0,5.0,1,1.351,4.0,4.0,76.578,4.496
2012,Djibouti,1.0,5.0,0,1.377,4.0,4.0,76.624,4.379
2000,Dominican Republic,5.0,0.0,437,0.612,2.0,2.0,55.226,3.411
2001,Dominican Republic,5.0,1.0,0,0.633,2.0,2.0,55.497,3.349
2002,Dominican Republic,5.0,0.0,312,0.826,2.0,2.0,55.767,3.287
2003,Dominican Republic,5.0,0.0,687,0.848,3.0,3.0,56.037,3.226
2004,Dominican Republic,5.0,0.0,562,0.755,4.0,4.0,56.752,3.163
2005,Dominican Republic,5.0,0.0,0,0.778,4.0,4.0,57.598,3.101
2006,Dominican Republic,8.0,0.0,125,0.767,3.0,3.0,58.441,3.04
2007,Dominican Republic,8.0,0.0,0,0.84,3.0,3.0,59.276,2.953
2008,Dominican Republic,8.0,0.0,0,0.842,2.0,2.0,60.107,2.873
2009,Dominican Republic,8.0,0.0,0,0.863,2.0,2.0,60.933,2.865
2010,Dominican Republic,8.0,0.0,0,0.886,2.0,2.0,61.753,2.859
2011,Dominican Republic,8.0,0.0,19,0.98,2.0,2.0,62.565,2.812
2012,Dominican Republic,8.0,0.0,438,0.968,2.0,2.0,63.371,2.774
2000,Ecuador,9.0,7.0,4937,0.419,2.0,2.0,55.09,3.744
2001,Ecuador,9.0,7.0,625,0.453,2.0,2.0,55.709,3.665
2002,Ecuador,9.0,7.0,250,0.426,2.0,2.0,56.226,3.591
2003,Ecuador,9.0,7.0,250,0.478,2.0,2.0,56.74,3.524
2004,Ecuador,9.0,7.0,562,0.51,2.0,2.0,57.254,3.461
2005,Ecuador,9.0,8.0,3562,0.523,2.0,2.0,57.766,3.403
2006,Ecuador,9.0,7.0,500,0.455,2.0,2.0,58.277,3.345
2007,Ecuador,9.0,7.0,437,0.535,3.0,3.0,58.785,3.288
2008,Ecuador,9.0,4.0,0,0.66,2.0,2.0,59.291,3.228
2009,Ecuador,9.0,4.0,0,0.615,2.0,2.0,59.796,3.166
2010,Ecuador,6.0,4.0,2125,0.655,3.0,3.0,60.299,3.102
2011,Ecuador,6.0,4.0,0,0.834,3.0,3.0,60.799,3.037
2012,Ecuador,6.0,4.0,0,0.89,3.0,3.0,61.118,2.972
2000,Equatorial Guinea,-7.0,0.0,0,0.104,7.0,7.0,34.745,5.987
2001,Equatorial Guinea,-7.0,0.0,0,0.112,7.0,7.0,35.748,5.985
2002,Equatorial Guinea,-7.0,0.0,312,0.11,7.0,7.0,36.766,5.984
2003,Equatorial Guinea,-5.0,0.0,0,0.116,7.0,7.0,37.792,5.981
2004,Equatorial Guinea,-5.0,0.0,1875,0.132,7.0,7.0,38.831,5.978
2005,Equatorial Guinea,-5.0,0.0,0,0.14,7.0,7.0,40.494,5.971
2006,Equatorial Guinea,-6.0,0.0,0,0.143,7.0,7.0,42.187,5.96
2007,Equatorial Guinea,-6.0,0.0,0,0.161,7.0,7.0,43.893,5.941
2008,Equatorial Guinea,-6.0,0.0,0,0.171,7.0,7.0,45.616,5.914
2009,Equatorial Guinea,-6.0,0.0,3375,0.197,7.0,7.0,47.35,5.878
2010,Equatorial Guinea,-6.0,0.0,1875,0.236,7.0,7.0,49.092,5.834
2011,Equatorial Guinea,-6.0,0.0,0,0.294,6.0,6.0,50.832,5.785
2012,Equatorial Guinea,-6.0,0.0,0,0.434,7.0,7.0,52.573,5.731
2000,Eritrea,-6.0,0.0,0,0.301,7.0,7.0,65.94,5.209
2001,Eritrea,-6.0,0.0,0,0.27,7.0,7.0,67.488,5.126
2002,Eritrea,-6.0,0.0,0,0.32,7.0,7.0,69.0,5.04
2003,Eritrea,-6.0,7.0,0,0.258,6.0,6.0,21.015,6.069
2004,Eritrea,-6.0,7.0,0,0.292,6.0,6.0,21.755,6.005
2005,Eritrea,-6.0,6.0,0,0.286,6.0,6.0,22.514,5.939
2006,Eritrea,-6.0,6.0,0,0.33,6.0,6.0,23.293,5.841
2007,Eritrea,-6.0,6.0,312,0.358,6.0,6.0,24.088,5.743
2008,Eritrea,-6.0,11.0,0,0.479,6.0,6.0,24.903,5.633
2009,Eritrea,-6.0,12.0,0,0.871,7.0,7.0,25.735,5.516
2010,Eritrea,-6.0,12.0,0,0.955,7.0,7.0,26.587,5.397
2011,Eritrea,-7.0,6.0,0,0.996,7.0,7.0,27.455,5.306
2012,Eritrea,-7.0,6.0,0,1.005,7.0,7.0,28.341,5.233
2000,Estonia,-7.0,1.0,0,,7.0,7.0,36.372,4.407
2001,Estonia,6.0,0.0,0,1.508,2.0,2.0,71.046,1.8
2002,Estonia,6.0,0.0,250,1.078,3.0,3.0,70.86,1.71
2003,Estonia,6.0,0.0,0,1.326,3.0,3.0,70.674,1.49
2004,Estonia,6.0,4.0,0,1.374,3.0,3.0,70.487,1.42
2005,Estonia,6.0,4.0,0,1.257,2.0,2.0,70.3,1.38
2006,Estonia,6.0,4.0,0,1.193,1.0,1.0,70.111,1.37
2007,Estonia,6.0,0.0,437,1.169,1.0,1.0,69.923,1.32
2008,Estonia,6.0,0.0,0,1.153,1.0,1.0,69.733,1.28
2009,Estonia,7.0,4.0,0,1.109,1.0,1.0,69.543,1.3
2010,Estonia,9.0,4.0,0,1.068,1.0,1.0,69.368,1.36
2011,Estonia,9.0,4.0,0,1.038,1.0,1.0,69.242,1.32
2012,Estonia,9.0,4.0,0,1.064,1.0,1.0,69.116,1.36
2000,Ethiopia,-77.0,13.0,0,1.078,6.0,6.0,12.867,7.207
2001,Ethiopia,-88.0,13.0,0,0.785,6.0,6.0,13.116,7.157
2002,Ethiopia,-88.0,13.0,562,0.809,6.0,6.0,13.37,7.125
2003,Ethiopia,-88.0,13.0,0,0.809,6.0,6.0,13.37,7.125
2004,Ethiopia,-88.0,12.0,625,1.031,6.0,6.0,13.627,7.076
2005,Ethiopia,1.0,11.0,1125,1.11,4.0,4.0,13.827,7.008
2006,Ethiopia,1.0,11.0,0,1.181,4.0,4.0,14.006,6.923
2007,Ethiopia,1.0,11.0,1875,1.181,4.0,4.0,14.186,6.85
2008,Ethiopia,1.0,16.0,1875,1.213,4.0,4.0,14.369,6.753
2009,Ethiopia,1.0,16.0,3375,0.96,5.0,5.0,14.553,6.646
2010,Ethiopia,1.0,16.0,312,1.033,5.0,5.0,14.74,6.56
2011,Ethiopia,1.0,11.0,2,1.168,5.0,5.0,14.927,6.463
2012,Ethiopia,1.0,11.0,250,0.977,5.0,5.0,15.118,6.374
2000,Finland,10.0,2.0,0,1.469,1.0,1.0,79.367,1.78
2001,Finland,10.0,0.0,0,1.534,1.0,1.0,79.843,1.79
2002,Finland,10.0,0.0,0,1.51,1.0,1.0,80.128,1.85
2003,Finland,10.0,0.0,0,1.477,1.0,1.0,80.409,1.81
2004,Finland,10.0,4.0,0,1.527,1.0,1.0,80.688,1.85
2005,Finland,10.0,4.0,0,1.477,1.0,1.0,80.963,1.81
2006,Finland,10.0,4.0,0,1.504,1.0,1.0,81.223,1.78
2007,Finland,10.0,0.0,0,1.459,1.0,1.0,81.466,1.75
2008,Finland,10.0,0.0,0,1.439,1.0,1.0,81.707,1.7
2009,Finland,10.0,4.0,0,1.407,1.0,1.0,81.946,1.73
2010,Finland,10.0,4.0,0,1.43,1.0,1.0,82.183,1.73
2011,Finland,10.0,4.0,0,1.342,1.0,1.0,82.368,1.73
2012,Finland,10.0,4.0,312,1.341,1.0,1.0,82.503,1.72
2000,Fiji,5.0,0.0,2750,1.543,6.0,6.0,41.611,3.414
2001,Fiji,5.0,0.0,0,1.5,6.0,6.0,42.381,3.38
2002,Fiji,5.0,0.0,0,1.485,4.0,4.0,43.156,3.355
2003,Fiji,5.0,0.0,0,1.463,4.0,4.0,43.933,3.315
2004,Fiji,5.0,0.0,0,1.443,4.0,4.0,44.713,3.273
2005,Fiji,5.0,0.0,0,1.494,4.0,4.0,45.496,3.267
2006,Fiji,5.0,0.0,2125,1.424,4.0,4.0,46.282,3.262
2007,Fiji,5.0,0.0,0,1.449,4.0,4.0,46.732,3.2
2008,Fiji,6.0,0.0,0,1.43,4.0,4.0,47.123,3.128
2009,Fiji,8.0,0.0,0,1.365,2.0,2.0,47.515,3.073
2010,Fiji,-88.0,0.0,0,1.302,6.0,6.0,47.908,3.026
2011,Fiji,5.0,0.0,0,1.318,4.0,4.0,48.3,2.999
2012,Fiji,5.0,0.0,0,1.315,4.0,4.0,48.692,2.976
2000,France,10.0,0.0,125,1.419,1.0,1.0,74.056,1.77
2001,France,10.0,0.0,0,1.425,1.0,1.0,74.229,1.75
2002,France,10.0,0.0,562,1.419,1.0,1.0,74.401,1.74
2003,France,10.0,0.0,875,1.459,1.0,1.0,74.572,1.73
2004,France,10.0,0.0,1187,1.45,1.0,1.0,74.743,1.73
2005,France,10.0,0.0,1062,1.423,1.0,1.0,74.912,1.74
2006,France,10.0,0.0,625,1.453,1.0,1.0,75.082,1.75
2007,France,10.0,0.0,937,1.446,1.0,1.0,75.25,1.77
2008,France,10.0,0.0,0,1.428,1.0,1.0,75.417,1.78
2009,France,10.0,0.0,625,1.441,1.0,1.0,75.614,1.81
2010,France,10.0,0.0,1062,1.397,1.0,1.0,75.871,1.89
2011,France,10.0,0.0,1,1.379,1.0,1.0,76.127,1.9
2012,France,10.0,0.0,562,1.354,1.0,1.0,76.38,1.88
2000,Gabon,-88.0,0.0,0,0.633,4.0,4.0,69.143,5.459
2001,Gabon,-4.0,0.0,0,0.856,4.0,4.0,70.462,5.373
2002,Gabon,-4.0,0.0,0,0.771,4.0,4.0,71.749,5.289
2003,Gabon,-4.0,1.0,0,0.772,5.0,5.0,72.999,5.186
2004,Gabon,-4.0,0.0,0,0.677,5.0,5.0,73.921,5.044
2005,Gabon,-4.0,0.0,0,0.885,5.0,5.0,74.797,4.884
2006,Gabon,-4.0,0.0,0,0.719,5.0,5.0,75.654,4.742
2007,Gabon,-4.0,3.0,0,0.966,5.0,5.0,76.49,4.657
2008,Gabon,-4.0,3.0,0,1.19,5.0,5.0,77.306,4.576
2009,Gabon,-4.0,3.0,0,0.758,5.0,5.0,78.102,4.502
2010,Gabon,-4.0,0.0,0,0.931,5.0,5.0,78.879,4.469
2011,Gabon,-4.0,0.0,0,1.043,5.0,5.0,79.633,4.417
2012,Gabon,-4.0,1.0,438,0.966,5.0,5.0,80.368,4.36
2000,Ghana,-7.0,0.0,0,0.415,6.0,6.0,36.441,5.712
2001,Ghana,-4.0,0.0,0,0.471,6.0,6.0,37.17,5.587
2002,Ghana,-1.0,0.0,0,0.375,5.0,5.0,37.905,5.465
2003,Ghana,-1.0,0.0,0,0.477,5.0,5.0,38.644,5.362
2004,Ghana,-1.0,0.0,0,0.566,5.0,5.0,39.39,5.19
2005,Ghana,-1.0,0.0,0,0.524,4.0,4.0,40.14,5.067
2006,Ghana,2.0,0.0,250,0.526,3.0,3.0,40.896,4.931
2007,Ghana,2.0,0.0,0,0.49,3.0,3.0,41.654,4.865
2008,Ghana,2.0,0.0,0,0.52,3.0,3.0,42.418,4.836
2009,Ghana,2.0,0.0,0,0.487,3.0,3.0,43.184,4.838
2010,Ghana,2.0,2.0,0,0.533,2.0,2.0,43.929,4.854
2011,Ghana,6.0,2.0,0,0.572,2.0,2.0,44.601,4.794
2012,Ghana,6.0,2.0,0,0.585,2.0,2.0,45.275,4.723
2000,Germany,8.0,0.0,0,0.682,1.0,1.0,52.073,4.183
2001,Germany,10.0,0.0,0,1.184,1.0,1.0,73.269,1.33
2002,Germany,10.0,0.0,0,1.212,1.0,1.0,73.36,1.29
2003,Germany,10.0,0.0,125,1.212,1.0,1.0,73.497,1.28
2004,Germany,10.0,0.0,0,1.216,1.0,1.0,73.71,1.24
2005,Germany,10.0,0.0,312,1.21,1.0,1.0,73.922,1.25
2006,Germany,10.0,0.0,0,1.185,1.0,1.0,74.133,1.3
2007,Germany,10.0,0.0,125,1.163,1.0,1.0,74.342,1.35
2008,Germany,10.0,0.0,0,1.161,1.0,1.0,74.551,1.36
2009,Germany,10.0,0.0,0,1.176,1.0,1.0,74.758,1.36
2010,Germany,10.0,0.0,0,1.162,1.0,1.0,74.965,1.38
2011,Germany,10.0,0.0,29,1.115,1.0,1.0,75.17,1.35
2012,Germany,10.0,0.0,562,1.092,1.0,1.0,75.374,1.34
2000,Guinea-Bissau,-8.0,0.0,2125,0.568,6.0,6.0,30.83,6.507
2001,Guinea-Bissau,-5.0,0.0,0,0.29,6.0,6.0,32.39,6.452
2002,Guinea-Bissau,-5.0,1.0,0,0.154,6.0,6.0,33.271,6.402
2003,Guinea-Bissau,-5.0,1.0,1875,0.269,6.0,6.0,33.635,6.323
2004,Guinea-Bissau,2.0,1.0,0,0.631,3.0,3.0,34.002,6.258
2005,Guinea-Bissau,2.0,1.0,0,0.326,3.0,3.0,34.371,6.172
2006,Guinea-Bissau,2.0,1.0,0,0.358,3.0,3.0,34.742,6.092
2007,Guinea-Bissau,2.0,1.0,0,0.418,3.0,3.0,35.114,6.008
2008,Guinea-Bissau,-77.0,1.0,2187,0.171,3.0,3.0,35.488,5.898
2009,Guinea-Bissau,-88.0,1.0,5500,0.41,3.0,3.0,35.865,5.793
2010,Guinea-Bissau,5.0,1.0,1875,0.543,4.0,4.0,36.243,5.72
2011,Guinea-Bissau,5.0,1.0,0,0.421,4.0,4.0,36.622,5.63
2012,Guinea-Bissau,5.0,0.0,2438,0.329,4.0,4.0,37.004,5.612
2000,Greece,10.0,3.0,0,0.578,1.0,1.0,71.467,1.39
2001,Greece,10.0,3.0,0,0.591,1.0,1.0,71.635,1.37
2002,Greece,10.0,3.0,562,0.614,1.0,1.0,71.757,1.36
2003,Greece,10.0,3.0,0,0.597,1.0,1.0,71.878,1.32
2004,Greece,10.0,3.0,0,0.615,1.0,1.0,71.998,1.33
2005,Greece,10.0,3.0,0,0.695,1.0,1.0,72.119,1.28
2006,Greece,10.0,3.0,0,0.694,1.0,1.0,72.239,1.26
2007,Greece,10.0,5.0,0,0.719,1.0,1.0,72.358,1.27
2008,Greece,10.0,3.0,2312,0.749,1.0,1.0,72.478,1.24
2009,Greece,10.0,3.0,937,0.775,1.0,1.0,72.597,1.23
2010,Greece,10.0,0.0,3812,0.801,1.0,1.0,72.716,1.25
2011,Greece,10.0,0.0,68,0.743,1.0,1.0,72.913,1.25
2012,Greece,10.0,0.0,5312,0.752,1.0,1.0,73.303,1.28
2000,Georgia,10.0,1.0,0,0.819,2.0,2.0,77.004,1.34
2001,Georgia,3.0,3.0,3375,,6.0,6.0,54.799,2.262
2002,Georgia,-77.0,12.0,1875,,4.0,4.0,54.559,2.134
2003,Georgia,-77.0,12.0,3812,,5.0,5.0,54.32,2.012
2004,Georgia,-88.0,16.0,6812,,5.0,5.0,54.08,1.917
2005,Georgia,4.0,10.0,2437,0.435,4.0,4.0,53.841,1.853
2006,Georgia,4.0,10.0,1875,0.658,4.0,4.0,53.6,1.792
2007,Georgia,4.0,6.0,2562,0.876,3.0,3.0,53.36,1.742
2008,Georgia,4.0,3.0,250,0.855,3.0,3.0,53.12,1.687
2009,Georgia,4.0,7.0,1000,0.916,3.0,3.0,52.879,1.629
2010,Georgia,2.0,4.0,0,0.906,4.0,4.0,52.638,1.601
2011,Georgia,2.0,4.0,6,0.914,4.0,4.0,52.398,1.57
2012,Georgia,2.0,4.0,375,1.076,4.0,4.0,52.441,1.563
2000,Guatemala,3.0,7.0,750,0.624,3.0,3.0,41.992,5.48
2001,Guatemala,3.0,6.0,0,0.672,3.0,3.0,42.323,5.377
2002,Guatemala,3.0,6.0,0,0.756,4.0,4.0,42.655,5.314
2003,Guatemala,3.0,0.0,750,0.71,4.0,4.0,42.987,5.254
2004,Guatemala,3.0,1.0,0,0.612,4.0,4.0,43.32,5.191
2005,Guatemala,3.0,1.0,375,0.691,4.0,4.0,43.654,5.105
2006,Guatemala,8.0,1.0,0,0.763,3.0,3.0,43.989,5.008
2007,Guatemala,8.0,1.0,0,0.772,3.0,3.0,44.323,4.906
2008,Guatemala,8.0,0.0,0,0.827,3.0,3.0,44.659,4.8
2009,Guatemala,8.0,0.0,812,0.895,3.0,3.0,44.995,4.687
2010,Guatemala,8.0,0.0,0,0.877,3.0,3.0,45.332,4.583
2011,Guatemala,8.0,0.0,0,0.812,3.0,3.0,45.668,4.502
2012,Guatemala,8.0,0.0,750,0.883,4.0,4.0,46.005,4.371
2000,Guinea,-7.0,5.0,0,1.319,6.0,6.0,28.026,6.627
2001,Guinea,-5.0,8.0,0,1.287,6.0,6.0,28.312,6.592
2002,Guinea,-5.0,9.0,0,1.316,6.0,6.0,28.601,6.553
2003,Guinea,-5.0,9.0,312,1.107,6.0,6.0,28.89,6.492
2004,Guinea,-5.0,9.0,437,1.051,6.0,6.0,29.182,6.409
2005,Guinea,-1.0,9.0,312,0.897,6.0,6.0,29.475,6.335
2006,Guinea,-1.0,8.0,0,0.899,6.0,6.0,29.77,6.249
2007,Guinea,-1.0,8.0,3312,0.948,6.0,6.0,30.052,6.162
2008,Guinea,-1.0,6.0,2312,0.805,6.0,6.0,30.323,6.076
2009,Guinea,-1.0,6.0,1062,0.842,6.0,6.0,30.595,6.009
2010,Guinea,-1.0,6.0,312,0.734,6.0,6.0,30.869,5.936
2011,Guinea,-1.0,6.0,3,0.742,6.0,6.0,31.144,5.85
2012,Guinea,-1.0,3.0,438,0.779,6.0,6.0,31.42,5.793
2000,Guyana,-7.0,0.0,0,1.074,5.0,5.0,29.583,3.069
2001,Guyana,-7.0,0.0,562,0.787,5.0,5.0,29.493,3.063
2002,Guyana,6.0,0.0,0,1.107,3.0,3.0,29.404,3.066
2003,Guyana,6.0,0.0,0,1.004,2.0,2.0,29.315,3.071
2004,Guyana,6.0,0.0,312,0.849,2.0,2.0,29.226,3.074
2005,Guyana,6.0,0.0,0,0.951,2.0,2.0,29.137,3.074
2006,Guyana,6.0,0.0,312,0.95,2.0,2.0,29.048,3.069
2007,Guyana,6.0,0.0,312,0.889,2.0,2.0,28.959,3.061
2008,Guyana,6.0,0.0,0,0.898,2.0,2.0,28.871,3.05
2009,Guyana,6.0,0.0,0,0.836,2.0,2.0,28.782,3.036
2010,Guyana,6.0,0.0,0,0.903,2.0,2.0,28.694,3.017
2011,Guyana,6.0,0.0,0,0.87,2.0,2.0,28.606,2.992
2012,Guyana,6.0,0.0,0,0.9,2.0,2.0,28.518,2.961
2000,Haiti,-77.0,0.0,5625,0.468,4.0,4.0,28.51,5.483
2001,Haiti,-7.0,0.0,2250,0.477,7.0,7.0,29.641,5.317
2002,Haiti,-7.0,0.0,1062,0.283,7.0,7.0,30.8,5.208
2003,Haiti,-7.0,0.0,2437,0.346,7.0,7.0,31.39,5.099
2004,Haiti,6.0,0.0,4750,0.195,5.0,5.0,31.987,4.991
2005,Haiti,6.0,0.0,3812,0.344,5.0,5.0,32.59,4.884
2006,Haiti,7.0,0.0,250,0.42,4.0,4.0,33.2,4.777
2007,Haiti,7.0,0.0,125,0.533,4.0,4.0,33.792,4.669
2008,Haiti,7.0,0.0,812,0.506,5.0,5.0,34.389,4.561
2009,Haiti,-88.0,0.0,312,0.522,5.0,5.0,34.992,4.452
2010,Haiti,-2.0,0.0,875,0.468,6.0,6.0,35.6,4.39
2011,Haiti,-2.0,0.0,1,0.433,6.0,6.0,37.251,4.248
2012,Haiti,-2.0,0.0,250,0.479,6.0,6.0,38.935,4.125
2000,Honduras,6.0,14.0,0,1.076,2.0,2.0,40.46,5.291
2001,Honduras,6.0,11.0,0,1.105,2.0,2.0,40.953,5.183
2002,Honduras,6.0,11.0,0,1.12,2.0,2.0,41.448,5.089
2003,Honduras,6.0,5.0,312,1.066,3.0,3.0,41.943,4.995
2004,Honduras,6.0,5.0,0,0.973,3.0,3.0,42.441,4.891
2005,Honduras,6.0,5.0,125,1.072,3.0,3.0,42.941,4.758
2006,Honduras,6.0,5.0,125,0.949,3.0,3.0,43.442,4.639
2007,Honduras,6.0,0.0,0,0.945,2.0,2.0,43.944,4.527
2008,Honduras,6.0,0.0,0,1.003,2.0,2.0,44.447,4.448
2009,Honduras,7.0,0.0,2375,1.05,3.0,3.0,44.952,4.361
2010,Honduras,7.0,0.0,0,1.016,3.0,3.0,45.458,4.237
2011,Honduras,7.0,0.0,0,0.995,3.0,3.0,45.964,4.098
2012,Honduras,7.0,0.0,312,0.972,3.0,3.0,46.61,3.956
2000,Hungary,10.0,2.0,0,,2.0,2.0,65.838,1.87
2001,Hungary,10.0,0.0,0,1.037,2.0,2.0,65.713,1.87
2002,Hungary,10.0,3.0,0,1.028,2.0,2.0,65.587,1.77
2003,Hungary,10.0,3.0,0,1.053,1.0,1.0,65.461,1.68
2004,Hungary,10.0,3.0,0,1.011,1.0,1.0,65.335,1.64
2005,Hungary,10.0,3.0,0,0.952,1.0,1.0,65.209,1.57
2006,Hungary,10.0,0.0,687,0.943,1.0,1.0,65.083,1.46
2007,Hungary,10.0,0.0,0,0.864,1.0,1.0,64.956,1.37
2008,Hungary,10.0,3.0,0,0.858,1.0,1.0,64.829,1.32
2009,Hungary,10.0,7.0,0,0.894,1.0,1.0,64.702,1.28
2010,Hungary,10.0,0.0,0,0.899,1.0,1.0,64.575,1.32
2011,Hungary,10.0,0.0,1,0.869,1.0,1.0,64.67,1.31
2012,Hungary,10.0,0.0,125,0.856,1.0,1.0,65.081,1.3
2000,India,8.0,10.0,125,1.22,2.0,2.0,25.547,4.045
2001,India,8.0,11.0,562,1.225,3.0,3.0,25.778,3.959
2002,India,8.0,11.0,4062,1.176,3.0,3.0,25.984,3.877
2003,India,8.0,9.0,4000,1.07,4.0,4.0,26.191,3.799
2004,India,8.0,7.0,1875,1.106,4.0,4.0,26.399,3.723
2005,India,8.0,7.0,1875,1.104,4.0,4.0,26.607,3.651
2006,India,8.0,9.0,1000,1.088,2.0,2.0,26.817,3.582
2007,India,8.0,9.0,0,1.049,2.0,2.0,27.028,3.514
2008,India,9.0,9.0,1500,0.97,2.0,2.0,27.24,3.446
2009,India,9.0,7.0,2750,1.014,2.0,2.0,27.453,3.383
2010,India,9.0,6.0,125,1.034,2.0,2.0,27.667,3.35
2011,India,9.0,7.0,24,0.983,2.0,2.0,27.918,3.303
2012,India,9.0,7.0,10938,0.997,2.0,2.0,28.244,3.217
2000,Indonesia,-7.0,1.0,3437,0.985,6.0,6.0,30.584,3.098
2001,Indonesia,-7.0,1.0,7937,0.853,6.0,6.0,31.613,3.056
2002,Indonesia,-7.0,1.0,1875,0.876,6.0,6.0,32.703,2.942
2003,Indonesia,-7.0,1.0,2187,0.826,7.0,7.0,33.808,2.882
2004,Indonesia,-7.0,1.0,2187,0.906,7.0,7.0,34.933,2.838
2005,Indonesia,-7.0,1.0,1875,0.808,7.0,7.0,36.076,2.798
2006,Indonesia,-7.0,1.0,1875,0.806,7.0,7.0,37.235,2.77
2007,Indonesia,-7.0,1.0,0,0.901,7.0,7.0,38.406,2.738
2008,Indonesia,-5.0,0.0,312,0.728,6.0,6.0,39.593,2.655
2009,Indonesia,6.0,0.0,0,0.829,4.0,4.0,40.792,2.578
2010,Indonesia,6.0,0.0,0,0.711,3.0,3.0,42.002,2.536
2011,Indonesia,6.0,0.0,41,0.661,3.0,3.0,42.783,2.497
2012,Indonesia,6.0,0.0,750,0.71,3.0,3.0,43.568,2.456
2000,Ireland,10.0,2.0,0,0.894,1.0,1.0,56.929,2.11
2001,Ireland,10.0,2.0,125,0.893,1.0,1.0,57.073,2.08
2002,Ireland,10.0,2.0,0,0.892,1.0,1.0,57.293,1.99
2003,Ireland,10.0,2.0,250,0.877,1.0,1.0,57.512,1.9
2004,Ireland,10.0,2.0,0,0.903,1.0,1.0,57.731,1.85
2005,Ireland,10.0,0.0,0,0.858,1.0,1.0,57.949,1.84
2006,Ireland,10.0,0.0,125,0.868,1.0,1.0,58.173,1.88
2007,Ireland,10.0,0.0,0,0.839,1.0,1.0,58.419,1.93
2008,Ireland,10.0,0.0,250,0.809,1.0,1.0,58.664,1.94
2009,Ireland,10.0,0.0,125,0.798,1.0,1.0,58.91,1.9
2010,Ireland,10.0,0.0,250,0.766,1.0,1.0,59.155,1.89
2011,Ireland,10.0,0.0,2,0.698,1.0,1.0,59.399,1.94
2012,Ireland,10.0,0.0,125,0.677,1.0,1.0,59.649,1.97
2000,Iraq,-9.0,12.0,0,2.345,7.0,7.0,69.706,5.884
2001,Iraq,-9.0,12.0,0,3.374,7.0,7.0,69.522,5.81
2002,Iraq,-9.0,7.0,3437,3.132,7.0,7.0,69.337,5.72
2003,Iraq,-9.0,7.0,3125,2.885,7.0,7.0,69.152,5.64
2004,Iraq,-9.0,3.0,6125,2.776,7.0,7.0,68.966,5.528
2005,Iraq,-9.0,3.0,11062,2.594,7.0,7.0,68.78,5.398
2006,Iraq,-9.0,3.0,9125,2.098,7.0,7.0,68.593,5.285
2007,Iraq,-9.0,3.0,5875,1.202,7.0,7.0,68.405,5.244
2008,Iraq,-9.0,3.0,5375,1.17,7.0,7.0,68.388,5.154
2009,Iraq,-9.0,3.0,3375,1.013,7.0,7.0,68.442,5.056
2010,Iraq,-9.0,0.0,1812,0.913,7.0,7.0,68.496,4.948
2011,Iraq,-9.0,0.0,62,0.977,7.0,7.0,68.55,4.837
2012,Iraq,-9.0,0.0,4312,1.144,7.0,7.0,68.604,4.706
2000,Israel,6.0,9.0,375,1.258,2.0,2.0,90.359,2.824
2001,Israel,6.0,5.0,1250,0.952,2.0,2.0,90.463,2.762
2002,Israel,6.0,1.0,1625,1.248,2.0,2.0,90.565,2.7
2003,Israel,6.0,1.0,3750,1.252,1.0,1.0,90.666,2.8
2004,Israel,6.0,1.0,3375,1.26,1.0,1.0,90.767,2.9
2005,Israel,6.0,1.0,2250,1.204,1.0,1.0,90.866,2.9
2006,Israel,6.0,1.0,4125,1.18,1.0,1.0,90.943,2.9
2007,Israel,6.0,1.0,687,1.191,1.0,1.0,91.009,2.94
2008,Israel,6.0,1.0,562,1.149,1.0,1.0,91.074,2.98
2009,Israel,6.0,1.0,500,1.134,1.0,1.0,91.139,2.965
2010,Israel,6.0,0.0,125,1.144,1.0,1.0,91.203,2.95
2011,Israel,6.0,0.0,5,1.144,1.0,1.0,91.267,2.92
2012,Israel,6.0,0.0,1250,1.111,1.0,1.0,91.33,2.89
2000,Italy,10.0,0.0,0,0.894,1.0,1.0,66.726,1.33
2001,Italy,10.0,0.0,437,0.914,1.0,1.0,66.706,1.3
2002,Italy,10.0,0.0,937,0.935,1.0,1.0,66.742,1.3
2003,Italy,10.0,0.0,500,0.957,1.0,1.0,66.802,1.25
2004,Italy,10.0,0.0,0,0.906,1.0,1.0,66.862,1.21
2005,Italy,10.0,0.0,0,0.879,1.0,1.0,66.922,1.19
2006,Italy,10.0,0.0,0,0.882,1.0,1.0,66.982,1.2
2007,Italy,10.0,0.0,500,0.927,1.0,1.0,67.042,1.22
2008,Italy,10.0,0.0,375,0.956,1.0,1.0,67.102,1.22
2009,Italy,10.0,0.0,562,0.955,1.0,1.0,67.162,1.23
2010,Italy,10.0,0.0,937,0.919,1.0,1.0,67.222,1.26
2011,Italy,10.0,0.0,16,0.913,1.0,1.0,67.282,1.25
2012,Italy,10.0,0.0,1500,0.895,1.0,1.0,67.382,1.27
2000,Jamaica,10.0,0.0,0,1.499,2.0,2.0,49.444,2.854
2001,Jamaica,10.0,0.0,625,1.352,2.0,2.0,49.656,2.906
2002,Jamaica,10.0,0.0,0,1.179,2.0,2.0,49.896,2.952
2003,Jamaica,9.0,0.0,0,1.433,2.0,2.0,50.136,2.962
2004,Jamaica,9.0,0.0,0,1.343,2.0,2.0,50.375,2.939
2005,Jamaica,9.0,0.0,375,1.42,2.0,2.0,50.615,2.881
2006,Jamaica,9.0,0.0,0,1.359,2.0,2.0,50.855,2.674
2007,Jamaica,9.0,0.0,0,1.362,2.0,2.0,51.095,2.659
2008,Jamaica,9.0,0.0,0,1.459,2.0,2.0,51.335,2.594
2009,Jamaica,9.0,0.0,0,1.518,2.0,2.0,51.574,2.447
2010,Jamaica,9.0,0.0,562,1.549,2.0,2.0,51.814,2.21
2011,Jamaica,9.0,0.0,0,1.477,2.0,2.0,52.053,2.173
2012,Jamaica,9.0,0.0,0,1.519,2.0,2.0,52.251,2.149
2000,Jordan,-4.0,19.0,0,1.193,5.0,5.0,73.291,5.478
2001,Jordan,-4.0,15.0,0,1.23,4.0,4.0,74.455,5.285
2002,Jordan,-2.0,10.0,312,1.655,3.0,3.0,75.586,5.107
2003,Jordan,-2.0,10.0,0,1.543,4.0,4.0,76.68,4.955
2004,Jordan,-2.0,5.0,0,1.49,4.0,4.0,77.74,4.807
2005,Jordan,-2.0,5.0,0,1.482,4.0,4.0,78.207,4.662
2006,Jordan,-2.0,6.0,0,1.543,4.0,4.0,78.22,4.512
2007,Jordan,-2.0,6.0,0,1.357,4.0,4.0,78.232,4.337
2008,Jordan,-2.0,7.0,0,1.309,4.0,4.0,78.245,4.164
2009,Jordan,-2.0,3.0,0,1.312,4.0,4.0,78.258,4.037
2010,Jordan,-2.0,3.0,0,1.372,4.0,4.0,78.27,3.921
2011,Jordan,-2.0,3.0,28,1.341,5.0,5.0,78.283,3.853
2012,Jordan,-2.0,3.0,1812,1.224,6.0,6.0,78.296,3.832
2000,Japan,10.0,0.0,0,0.964,1.0,1.0,77.339,1.54
2001,Japan,10.0,0.0,250,0.945,1.0,1.0,77.473,1.53
2002,Japan,10.0,0.0,0,0.89,1.0,1.0,77.61,1.5
2003,Japan,10.0,0.0,0,0.889,2.0,2.0,77.746,1.46
2004,Japan,10.0,0.0,0,0.856,2.0,2.0,77.881,1.5
2005,Japan,10.0,0.0,0,0.863,1.0,1.0,78.016,1.42
2006,Japan,10.0,0.0,0,0.854,1.0,1.0,78.145,1.43
2007,Japan,10.0,0.0,250,0.86,1.0,1.0,78.272,1.39
2008,Japan,10.0,0.0,250,0.843,1.0,1.0,78.398,1.38
2009,Japan,10.0,0.0,250,0.827,1.0,1.0,78.523,1.34
2010,Japan,10.0,0.0,375,0.839,1.0,1.0,78.649,1.36
2011,Japan,10.0,0.0,2,0.841,1.0,1.0,79.99,1.33
2012,Japan,10.0,0.0,625,0.805,1.0,1.0,81.647,1.32
2000,Kenya,-7.0,19.0,0,1.027,6.0,6.0,16.748,6.129
2001,Kenya,-5.0,19.0,0,1.041,6.0,6.0,17.043,5.935
2002,Kenya,-5.0,13.0,312,1.109,4.0,4.0,17.342,5.746
2003,Kenya,-5.0,13.0,0,0.859,5.0,5.0,17.645,5.574
2004,Kenya,-5.0,13.0,125,0.89,6.0,6.0,17.952,5.446
2005,Kenya,-5.0,13.0,875,1.231,7.0,7.0,18.263,5.366
2006,Kenya,-5.0,14.0,0,1.132,7.0,7.0,18.579,5.306
2007,Kenya,4.0,14.0,1125,1.155,6.0,6.0,18.898,5.26
2008,Kenya,4.0,19.0,2437,1.094,6.0,6.0,19.222,5.246
2009,Kenya,4.0,20.0,437,1.163,6.0,6.0,19.55,5.181
2010,Kenya,4.0,20.0,250,1.197,6.0,6.0,19.892,5.137
2011,Kenya,4.0,14.0,0,1.243,6.0,6.0,20.239,5.091
2012,Kenya,8.0,14.0,562,1.184,4.0,4.0,20.591,5.016
2008,Kosovo,8.0,12.0,2000,1.07,3.0,3.0,20.948,4.907
2009,Kosovo,8.0,12.0,1875,1.138,3.0,3.0,21.31,4.83
2010,Kosovo,8.0,12.0,0,1.236,3.0,3.0,21.675,4.784
2011,Kosovo,8.0,12.0,0,1.136,3.0,3.0,22.045,4.748
2012,Kosovo,7.0,11.0,312,1.131,4.0,4.0,22.42,4.719
2000,Kuwait,-66.0,13.0,0,1.1,7.0,7.0,97.974,3.318
2001,Kuwait,-9.0,13.0,0,0.622,6.0,6.0,97.988,3.178
2002,Kuwait,-7.0,8.0,0,0.134,5.0,5.0,98.002,3.068
2003,Kuwait,-7.0,8.0,0,1.405,5.0,5.0,98.016,2.988
2004,Kuwait,-7.0,3.0,0,1.82,5.0,5.0,98.029,2.997
2005,Kuwait,-7.0,3.0,0,1.429,5.0,5.0,98.096,3.046
2006,Kuwait,-7.0,4.0,0,1.147,5.0,5.0,98.325,3.059
2007,Kuwait,-7.0,4.0,0,1.433,5.0,5.0,98.527,2.971
2008,Kuwait,-7.0,5.0,0,1.433,5.0,5.0,98.705,2.878
2009,Kuwait,-7.0,1.0,250,0.973,4.0,4.0,98.862,2.791
2010,Kuwait,-7.0,1.0,0,1.41,4.0,4.0,99.0,2.737
2011,Kuwait,-7.0,1.0,24,1.767,4.0,4.0,99.908,2.715
2012,Kuwait,-7.0,1.0,1812,1.528,4.0,4.0,100.0,2.693
2000,Kazakhstan,-7.0,3.0,3125,1.493,5.0,5.0,100.0,2.168
2001,Kazakhstan,-3.0,2.0,0,1.909,5.0,5.0,56.175,2.61
2002,Kazakhstan,-3.0,2.0,312,1.651,5.0,5.0,56.083,2.5
2003,Kazakhstan,-3.0,2.0,0,1.644,6.0,6.0,55.992,2.3
2004,Kazakhstan,-3.0,6.0,0,1.233,6.0,6.0,55.9,2.28
2005,Kazakhstan,-6.0,6.0,312,1.264,6.0,6.0,55.921,2.26
2006,Kazakhstan,-6.0,6.0,1000,1.088,6.0,6.0,55.943,2.13
2007,Kazakhstan,-6.0,2.0,0,1.125,6.0,6.0,55.964,2.0
2008,Kazakhstan,-6.0,2.0,0,0.985,6.0,6.0,55.986,1.8
2009,Kazakhstan,-6.0,4.0,0,0.767,6.0,6.0,56.025,1.8
2010,Kazakhstan,-6.0,4.0,0,0.873,6.0,6.0,56.098,1.8
2011,Kazakhstan,-6.0,4.0,8,1.116,6.0,6.0,56.171,1.9
2012,Kazakhstan,-6.0,4.0,0,0.942,6.0,6.0,56.244,2.0
2000,Latvia,-6.0,1.0,250,1.088,6.0,6.0,56.973,2.62
2001,Latvia,8.0,0.0,0,1.085,2.0,2.0,69.201,1.86
2002,Latvia,8.0,0.0,0,0.897,3.0,3.0,68.852,1.73
2003,Latvia,8.0,0.0,0,0.789,3.0,3.0,68.799,1.51
2004,Latvia,8.0,4.0,0,0.708,3.0,3.0,68.901,1.39
2005,Latvia,8.0,4.0,0,1.126,2.0,2.0,68.75,1.25
2006,Latvia,8.0,4.0,0,1.09,2.0,2.0,68.65,1.16
2007,Latvia,8.0,0.0,375,1.124,1.0,1.0,68.6,1.11
2008,Latvia,8.0,0.0,0,1.154,1.0,1.0,68.451,1.09
2009,Latvia,8.0,4.0,812,1.122,1.0,1.0,68.22,1.16
2010,Latvia,8.0,4.0,0,1.071,1.0,1.0,68.067,1.25
2011,Latvia,8.0,4.0,0,1.027,1.0,1.0,67.95,1.22
2012,Latvia,8.0,4.0,0,1.01,1.0,1.0,67.85,1.26
2000,Liberia,-77.0,0.0,0,0.747,7.0,7.0,55.422,6.37
2001,Liberia,-77.0,3.0,0,0.714,7.0,7.0,58.0,6.323
2002,Liberia,-77.0,3.0,2125,0.586,7.0,7.0,55.019,6.277
2003,Liberia,-77.0,3.0,4125,0.493,6.0,6.0,52.009,6.246
2004,Liberia,-77.0,3.0,312,0.413,7.0,7.0,48.981,6.21
2005,Liberia,-77.0,3.0,562,0.347,7.0,7.0,45.96,6.173
2006,Liberia,-88.0,3.0,437,0.267,7.0,7.0,42.964,6.129
2007,Liberia,0.0,3.0,0,0.189,4.0,4.0,43.304,6.079
2008,Liberia,0.0,3.0,0,0.445,4.0,4.0,43.646,6.017
2009,Liberia,0.0,3.0,0,0.685,4.0,4.0,43.988,5.953
2010,Liberia,0.0,6.0,0,0.657,5.0,5.0,44.331,5.875
2011,Liberia,0.0,6.0,3,0.51,6.0,6.0,44.673,5.774
2012,Liberia,0.0,2.0,0,0.556,6.0,6.0,45.017,5.653
2000,Lebanon,-66.0,6.0,0,0.558,6.0,6.0,83.12,3.295
2001,Lebanon,-66.0,2.0,0,0.719,6.0,6.0,83.472,3.19
2002,Lebanon,-66.0,2.0,937,0.596,5.0,5.0,83.818,3.081
2003,Lebanon,-66.0,2.0,0,0.733,6.0,6.0,84.157,2.97
2004,Lebanon,-66.0,2.0,0,0.852,6.0,6.0,84.491,2.868
2005,Lebanon,-66.0,2.0,1250,0.897,6.0,6.0,84.82,2.781
2006,Lebanon,-66.0,2.0,2375,1.066,6.0,6.0,85.142,2.736
2007,Lebanon,-66.0,2.0,1562,0.91,6.0,6.0,85.459,2.659
2008,Lebanon,-66.0,2.0,3437,0.94,6.0,6.0,85.77,2.6
2009,Lebanon,-66.0,2.0,250,0.992,6.0,6.0,85.885,2.55
2010,Lebanon,-66.0,2.0,250,0.892,6.0,6.0,86.0,2.499
2011,Lebanon,-66.0,2.0,5,0.874,6.0,6.0,86.118,2.462
2012,Lebanon,-66.0,2.0,6625,1.058,6.0,6.0,86.24,2.41
2000,Lesotho,-7.0,3.0,0,,6.0,6.0,13.967,4.759
2001,Lesotho,-4.0,3.0,0,,6.0,6.0,14.527,4.645
2002,Lesotho,-4.0,3.0,0,,6.0,6.0,15.106,4.522
2003,Lesotho,5.0,3.0,0,,3.0,3.0,15.703,4.366
2004,Lesotho,5.0,3.0,0,,4.0,4.0,16.319,4.217
2005,Lesotho,5.0,3.0,0,,4.0,4.0,16.955,4.143
2006,Lesotho,5.0,3.0,0,,4.0,4.0,17.571,4.071
2007,Lesotho,5.0,0.0,0,,4.0,4.0,18.049,3.993
2008,Lesotho,6.0,0.0,0,,4.0,4.0,18.538,3.855
2009,Lesotho,6.0,0.0,312,,4.0,4.0,19.038,3.736
2010,Lesotho,6.0,0.0,0,,4.0,4.0,19.548,3.658
2011,Lesotho,6.0,0.0,0,,4.0,4.0,20.067,3.657
2012,Lesotho,8.0,0.0,0,,2.0,2.0,20.597,3.677
2000,Libya,-7.0,11.0,0,0.737,7.0,7.0,75.723,4.966
2001,Libya,-7.0,15.0,0,0.669,7.0,7.0,75.777,4.67
2002,Libya,-7.0,16.0,0,0.88,7.0,7.0,75.832,4.381
2003,Libya,-7.0,16.0,0,0.948,7.0,7.0,75.886,4.109
2004,Libya,-7.0,16.0,0,0.843,7.0,7.0,75.94,3.859
2005,Libya,-7.0,12.0,0,0.844,7.0,7.0,75.994,3.636
2006,Libya,-7.0,12.0,0,0.875,7.0,7.0,76.048,3.439
2007,Libya,-7.0,12.0,0,0.871,7.0,7.0,76.114,3.265
2008,Libya,-7.0,11.0,0,0.96,7.0,7.0,76.193,3.109
2009,Libya,-7.0,11.0,0,0.816,7.0,7.0,76.284,2.97
2010,Libya,-7.0,10.0,0,1.062,7.0,7.0,76.387,2.851
2011,Libya,-7.0,10.0,68,1.136,7.0,7.0,76.502,2.971
2012,Libya,-7.0,10.0,8125,1.138,7.0,7.0,76.629,2.911
2000,Lithuania,-77.0,0.0,0,1.926,4.0,4.0,78.512,2.68
2001,Lithuania,10.0,0.0,0,0.982,2.0,2.0,67.523,2.01
2002,Lithuania,10.0,0.0,0,1.153,2.0,2.0,67.464,1.97
2003,Lithuania,10.0,0.0,0,1.007,1.0,1.0,67.404,1.74
2004,Lithuania,10.0,4.0,0,1.18,1.0,1.0,67.345,1.57
2005,Lithuania,10.0,4.0,0,1.039,1.0,1.0,67.285,1.55
2006,Lithuania,10.0,4.0,0,1.009,1.0,1.0,67.225,1.49
2007,Lithuania,10.0,0.0,0,1.145,1.0,1.0,67.166,1.47
2008,Lithuania,10.0,0.0,0,1.206,1.0,1.0,67.106,1.46
2009,Lithuania,10.0,4.0,625,1.212,1.0,1.0,67.046,1.46
2010,Lithuania,10.0,4.0,0,1.121,1.0,1.0,66.986,1.39
2011,Lithuania,10.0,4.0,0,1.051,1.0,1.0,66.919,1.29
2012,Lithuania,10.0,4.0,0,1.029,1.0,1.0,66.828,1.23
2000,Luxembourg,10.0,0.0,0,0.9,1.0,1.0,80.947,1.6
2001,Luxembourg,10.0,0.0,0,0.829,1.0,1.0,81.13,1.6
2002,Luxembourg,10.0,0.0,0,0.847,1.0,1.0,81.528,1.64
2003,Luxembourg,10.0,0.0,0,0.891,1.0,1.0,81.857,1.7
2004,Luxembourg,10.0,0.0,0,0.892,1.0,1.0,82.482,1.72
2005,Luxembourg,10.0,0.0,0,0.891,1.0,1.0,82.893,1.7
2006,Luxembourg,10.0,0.0,0,0.89,1.0,1.0,82.825,1.77
2007,Luxembourg,10.0,0.0,0,0.903,1.0,1.0,82.779,1.71
2008,Luxembourg,10.0,0.0,0,0.9,1.0,1.0,82.893,1.68
2009,Luxembourg,10.0,0.0,0,0.85,1.0,1.0,83.448,1.74
2010,Luxembourg,10.0,0.0,0,0.833,1.0,1.0,84.216,1.76
2011,Luxembourg,10.0,0.0,0,0.841,1.0,1.0,84.843,1.66
2012,Luxembourg,10.0,0.0,0,0.835,1.0,1.0,85.299,1.63
2000,Mauritania,-7.0,1.0,0,0.689,7.0,7.0,39.323,6.056
2001,Mauritania,-6.0,5.0,0,0.622,7.0,7.0,39.199,6.044
2002,Mauritania,-6.0,6.0,0,0.671,7.0,7.0,39.075,6.044
2003,Mauritania,-6.0,6.0,1875,0.679,7.0,7.0,38.952,6.044
2004,Mauritania,-6.0,6.0,1875,0.628,7.0,7.0,38.829,5.924
2005,Mauritania,-6.0,6.0,1875,0.69,6.0,6.0,38.705,5.851
2006,Mauritania,-6.0,5.0,0,0.755,6.0,6.0,38.582,5.713
2007,Mauritania,-6.0,5.0,0,0.736,6.0,6.0,38.459,5.66
2008,Mauritania,-6.0,5.0,1875,0.734,6.0,6.0,38.337,5.574
2009,Mauritania,-6.0,5.0,0,0.859,6.0,6.0,38.214,5.538
2010,Mauritania,-6.0,4.0,0,0.835,6.0,6.0,38.091,5.459
2011,Mauritania,-6.0,4.0,1,0.76,5.0,5.0,38.616,5.38
2012,Mauritania,-6.0,4.0,0,0.843,5.0,5.0,39.48,5.287
2000,Madagascar,-6.0,0.0,0,0.828,4.0,4.0,23.566,6.161
2001,Madagascar,-88.0,0.0,0,0.593,4.0,4.0,24.119,6.122
2002,Madagascar,9.0,0.0,937,0.749,4.0,4.0,24.681,6.08
2003,Madagascar,9.0,0.0,0,0.703,2.0,2.0,25.251,6.041
2004,Madagascar,9.0,0.0,0,0.64,2.0,2.0,25.536,5.99
2005,Madagascar,9.0,0.0,0,0.68,2.0,2.0,25.796,5.946
2006,Madagascar,9.0,0.0,0,0.699,2.0,2.0,26.058,5.888
2007,Madagascar,9.0,0.0,0,0.764,2.0,2.0,26.321,5.801
2008,Madagascar,7.0,0.0,0,0.792,2.0,2.0,26.586,5.675
2009,Madagascar,7.0,0.0,2812,0.881,2.0,2.0,26.853,5.549
2010,Madagascar,7.0,0.0,4312,0.873,2.0,2.0,27.121,5.403
2011,Madagascar,7.0,0.0,0,0.75,2.0,2.0,27.391,5.323
2012,Madagascar,7.0,0.0,0,0.618,3.0,3.0,27.663,5.225
2000,Malaysia,4.0,9.0,0,1.034,5.0,5.0,49.794,3.374
2001,Malaysia,4.0,9.0,0,1.1,5.0,5.0,50.576,3.376
2002,Malaysia,4.0,7.0,437,1.058,5.0,5.0,51.814,3.381
2003,Malaysia,4.0,2.0,0,1.038,4.0,4.0,53.109,3.369
2004,Malaysia,4.0,0.0,0,1.056,4.0,4.0,54.402,3.356
2005,Malaysia,4.0,0.0,0,0.991,4.0,4.0,55.688,3.322
2006,Malaysia,3.0,0.0,0,0.979,4.0,4.0,56.969,3.281
2007,Malaysia,3.0,1.0,0,0.98,4.0,4.0,58.237,3.213
2008,Malaysia,3.0,3.0,125,0.787,5.0,5.0,59.496,3.119
2009,Malaysia,3.0,4.0,375,0.641,5.0,5.0,60.742,3.037
2010,Malaysia,3.0,2.0,0,0.592,5.0,5.0,61.977,2.914
2011,Malaysia,3.0,3.0,11,0.795,5.0,5.0,62.922,2.757
2012,Malaysia,3.0,2.0,562,0.787,5.0,5.0,63.856,2.602
2000,Mauritius,10.0,0.0,0,1.589,2.0,2.0,43.9,2.32
2001,Mauritius,10.0,0.0,0,1.583,1.0,1.0,43.777,2.3
2002,Mauritius,10.0,0.0,0,1.492,2.0,2.0,43.653,2.37
2003,Mauritius,10.0,0.0,0,1.406,1.0,1.0,43.53,2.21
2004,Mauritius,10.0,0.0,0,1.371,1.0,1.0,43.407,2.25
2005,Mauritius,10.0,0.0,0,1.186,1.0,1.0,43.284,2.14
2006,Mauritius,10.0,0.0,0,1.109,1.0,1.0,43.161,2.12
2007,Mauritius,10.0,0.0,0,1.214,1.0,1.0,43.038,2.04
2008,Mauritius,10.0,0.0,0,1.193,1.0,1.0,42.916,1.97
2009,Mauritius,10.0,0.0,0,1.203,1.0,1.0,42.793,2.05
2010,Mauritius,10.0,0.0,0,1.22,1.0,1.0,42.67,1.99
2011,Mauritius,10.0,0.0,0,1.054,1.0,1.0,42.559,1.91
2012,Mauritius,10.0,0.0,0,1.049,1.0,1.0,42.447,1.94
2000,Malawi,-9.0,6.0,0,0.834,7.0,7.0,11.56,6.809
2001,Malawi,-9.0,6.0,0,0.668,7.0,7.0,11.885,6.717
2002,Malawi,-9.0,6.0,0,0.72,6.0,6.0,12.218,6.648
2003,Malawi,-6.0,0.0,0,0.583,6.0,6.0,12.558,6.585
2004,Malawi,6.0,0.0,0,0.614,2.0,2.0,12.907,6.508
2005,Malawi,6.0,0.0,0,0.431,2.0,2.0,13.263,6.416
2006,Malawi,6.0,0.0,0,0.507,2.0,2.0,13.629,6.314
2007,Malawi,6.0,0.0,0,0.59,2.0,2.0,14.002,6.258
2008,Malawi,6.0,0.0,0,0.646,2.0,2.0,14.384,6.235
2009,Malawi,6.0,0.0,0,0.582,3.0,3.0,14.522,6.152
2010,Malawi,6.0,0.0,0,0.611,3.0,3.0,14.61,6.036
2011,Malawi,4.0,0.0,6,0.676,4.0,4.0,14.698,5.993
2012,Malawi,4.0,0.0,0,0.607,4.0,4.0,14.786,5.96
2000,Mexico,0.0,5.0,4062,0.614,4.0,4.0,71.419,3.45
2001,Mexico,0.0,5.0,2125,0.622,4.0,4.0,71.816,3.367
2002,Mexico,0.0,5.0,2000,0.631,4.0,4.0,72.209,3.292
2003,Mexico,0.0,5.0,2000,0.57,4.0,4.0,72.598,3.216
2004,Mexico,4.0,5.0,2125,0.537,4.0,4.0,72.985,3.127
2005,Mexico,4.0,5.0,2000,0.503,4.0,4.0,73.368,3.038
2006,Mexico,4.0,5.0,437,0.521,4.0,4.0,73.67,2.956
2007,Mexico,6.0,0.0,1563,0.514,3.0,3.0,73.929,2.869
2008,Mexico,6.0,0.0,625,0.48,3.0,3.0,74.186,2.8
2009,Mexico,6.0,0.0,312,0.496,3.0,3.0,74.441,2.766
2010,Mexico,8.0,0.0,1562,0.525,2.0,2.0,74.722,2.716
2011,Mexico,8.0,2.0,0,0.524,2.0,2.0,75.045,2.669
2012,Mexico,8.0,0.0,1125,0.526,2.0,2.0,75.365,2.623
2000,Moldova,8.0,1.0,0,0.549,3.0,3.0,78.405,2.294
2001,Moldova,5.0,0.0,1875,2.15,5.0,5.0,46.669,2.281
2002,Moldova,5.0,0.0,375,2.208,5.0,5.0,46.575,2.218
2003,Moldova,5.0,0.0,312,1.208,5.0,5.0,46.481,2.105
2004,Moldova,7.0,0.0,0,1.329,4.0,4.0,46.387,1.989
2005,Moldova,7.0,0.0,0,1.498,4.0,4.0,46.294,1.831
2006,Moldova,7.0,0.0,0,1.353,3.0,3.0,46.2,1.725
2007,Moldova,7.0,0.0,0,1.637,3.0,3.0,45.797,1.759
2008,Moldova,7.0,0.0,0,1.519,2.0,2.0,45.394,1.651
2009,Moldova,7.0,0.0,687,1.156,2.0,2.0,44.992,1.56
2010,Moldova,7.0,0.0,0,1.146,2.0,2.0,44.589,1.499
2011,Moldova,8.0,0.0,0,1.092,2.0,2.0,44.189,1.463
2012,Moldova,8.0,0.0,0,1.094,3.0,3.0,43.789,1.437
2000,Mali,-7.0,1.0,0,0.624,6.0,6.0,23.322,7.253
2001,Mali,-88.0,5.0,0,0.762,6.0,6.0,23.751,7.225
2002,Mali,4.0,6.0,0,0.744,2.0,2.0,24.186,7.181
2003,Mali,4.0,6.0,0,0.74,2.0,2.0,24.624,7.123
2004,Mali,4.0,6.0,0,0.604,2.0,2.0,25.069,7.065
2005,Mali,4.0,6.0,0,0.649,2.0,2.0,25.519,6.989
2006,Mali,4.0,6.0,0,0.806,2.0,2.0,25.975,6.95
2007,Mali,5.0,6.0,0,0.826,3.0,3.0,26.434,6.911
2008,Mali,5.0,5.0,0,0.883,3.0,3.0,26.948,6.892
2009,Mali,5.0,5.0,0,0.865,3.0,3.0,27.646,6.882
2010,Mali,5.0,7.0,0,0.851,2.0,2.0,28.356,6.874
2011,Mali,5.0,7.0,0,0.817,2.0,2.0,29.075,6.852
2012,Mali,5.0,6.0,8250,0.85,2.0,2.0,29.806,6.821
2000,Mongolia,2.0,5.0,0,,4.0,4.0,57.033,4.232
2001,Mongolia,2.0,2.0,0,,2.0,2.0,56.987,3.905
2002,Mongolia,9.0,2.0,0,0.989,3.0,3.0,56.942,3.524
2003,Mongolia,9.0,2.0,0,1.07,2.0,2.0,56.896,3.163
2004,Mongolia,9.0,6.0,0,0.767,2.0,2.0,56.851,2.947
2005,Mongolia,9.0,6.0,0,0.707,2.0,2.0,56.805,2.789
2006,Mongolia,10.0,6.0,125,0.742,2.0,2.0,56.76,2.618
2007,Mongolia,10.0,2.0,0,0.726,2.0,2.0,56.714,2.469
2008,Mongolia,10.0,2.0,312,0.721,2.0,2.0,56.669,2.363
2009,Mongolia,10.0,4.0,0,0.734,2.0,2.0,56.623,2.302
2010,Mongolia,10.0,4.0,125,0.912,2.0,2.0,57.133,2.255
2011,Mongolia,10.0,4.0,0,1.019,2.0,2.0,58.222,2.195
2012,Mongolia,10.0,4.0,250,0.936,2.0,2.0,59.304,2.13
2000,Morocco,-8.0,0.0,250,1.478,4.0,4.0,48.391,4.018
2001,Morocco,-8.0,4.0,0,1.47,5.0,5.0,49.117,3.937
2002,Morocco,-7.0,4.0,0,1.642,6.0,6.0,49.844,3.806
2003,Morocco,-7.0,4.0,0,1.603,5.0,5.0,50.569,3.612
2004,Morocco,-7.0,4.0,0,1.491,5.0,5.0,51.295,3.468
2005,Morocco,-7.0,4.0,0,1.435,5.0,5.0,51.692,3.33
2006,Morocco,-7.0,4.0,0,1.474,5.0,5.0,52.022,3.219
2007,Morocco,-7.0,4.0,3125,1.47,5.0,5.0,52.35,3.12
2008,Morocco,-6.0,4.0,3125,1.444,5.0,5.0,52.678,3.009
2009,Morocco,-6.0,4.0,0,1.476,5.0,5.0,53.007,2.871
2010,Morocco,-6.0,4.0,0,1.471,5.0,5.0,53.335,2.796
2011,Morocco,-6.0,4.0,8,1.398,5.0,5.0,53.662,2.715
2012,Morocco,-6.0,4.0,1000,1.377,5.0,5.0,53.99,2.67
2000,Mozambique,-7.0,3.0,562,0.665,6.0,6.0,25.0,6.221
2001,Mozambique,-6.0,3.0,312,0.777,6.0,6.0,25.487,6.159
2002,Mozambique,-6.0,3.0,0,0.934,6.0,6.0,25.98,6.099
2003,Mozambique,-6.0,3.0,0,1.014,6.0,6.0,26.479,6.025
2004,Mozambique,5.0,3.0,0,0.87,3.0,3.0,26.984,5.958
2005,Mozambique,5.0,3.0,0,0.879,3.0,3.0,27.495,5.895
2006,Mozambique,5.0,3.0,0,0.736,3.0,3.0,28.013,5.85
2007,Mozambique,5.0,0.0,0,0.805,3.0,3.0,28.535,5.885
2008,Mozambique,5.0,0.0,125,0.792,3.0,3.0,28.742,5.86
2009,Mozambique,5.0,0.0,0,0.784,3.0,3.0,28.92,5.833
2010,Mozambique,5.0,0.0,1062,0.826,3.0,3.0,29.098,5.812
2011,Mozambique,5.0,0.0,0,0.755,3.0,3.0,29.277,5.778
2012,Mozambique,5.0,0.0,0,0.749,3.0,3.0,29.457,5.734
2000,Namibia,6.0,10.0,0,1.2,2.0,2.0,27.656,5.321
2001,Namibia,6.0,10.0,0,1.539,2.0,2.0,27.919,5.225
2002,Namibia,6.0,10.0,0,1.613,2.0,2.0,28.336,5.067
2003,Namibia,6.0,10.0,0,1.8,2.0,2.0,28.823,4.891
2004,Namibia,6.0,10.0,0,1.601,2.0,2.0,29.316,4.671
2005,Namibia,6.0,10.0,0,1.746,2.0,2.0,29.813,4.426
2006,Namibia,6.0,10.0,0,1.607,2.0,2.0,30.316,4.212
2007,Namibia,6.0,7.0,0,1.788,2.0,2.0,30.823,4.154
2008,Namibia,6.0,7.0,0,1.83,2.0,2.0,31.335,4.152
2009,Namibia,6.0,7.0,0,1.887,2.0,2.0,31.851,4.11
2010,Namibia,6.0,7.0,0,1.605,2.0,2.0,32.373,3.975
2011,Namibia,6.0,7.0,0,1.471,2.0,2.0,32.898,3.827
2012,Namibia,6.0,7.0,0,1.381,2.0,2.0,33.766,3.716
2000,Nepal,5.0,11.0,0,0.587,4.0,4.0,8.854,5.208
2001,Nepal,5.0,12.0,3687,0.547,2.0,2.0,9.18,5.139
2002,Nepal,5.0,12.0,2500,0.521,2.0,2.0,9.582,5.044
2003,Nepal,5.0,12.0,2937,0.526,3.0,3.0,9.999,5.002
2004,Nepal,5.0,9.0,4750,0.604,3.0,3.0,10.433,4.907
2005,Nepal,5.0,9.0,4312,0.68,3.0,3.0,10.883,4.785
2006,Nepal,5.0,9.0,3437,0.661,3.0,3.0,11.35,4.595
2007,Nepal,5.0,9.0,125,0.647,3.0,3.0,11.834,4.393
2008,Nepal,5.0,9.0,375,0.645,3.0,3.0,12.336,4.235
2009,Nepal,6.0,8.0,3187,0.624,3.0,3.0,12.857,4.083
2010,Nepal,6.0,7.0,875,0.642,3.0,3.0,13.397,3.944
2011,Nepal,6.0,9.0,0,0.69,3.0,3.0,13.947,3.763
2012,Nepal,-6.0,9.0,750,0.679,4.0,4.0,14.24,3.59
2000,New Zealand,10.0,0.0,0,1.259,1.0,1.0,84.742,2.18
2001,New Zealand,10.0,0.0,0,1.196,1.0,1.0,84.95,2.09
2002,New Zealand,10.0,0.0,0,1.202,1.0,1.0,85.103,2.06
2003,New Zealand,10.0,0.0,0,1.198,1.0,1.0,85.254,2.04
2004,New Zealand,10.0,0.0,0,1.21,1.0,1.0,85.404,1.98
2005,New Zealand,10.0,0.0,0,1.21,1.0,1.0,85.553,1.98
2006,New Zealand,10.0,0.0,0,1.142,1.0,1.0,85.7,1.96
2007,New Zealand,10.0,0.0,0,1.144,1.0,1.0,85.781,1.96
2008,New Zealand,10.0,0.0,0,1.084,1.0,1.0,85.861,1.89
2009,New Zealand,10.0,0.0,0,1.073,1.0,1.0,85.941,1.97
2010,New Zealand,10.0,0.0,0,1.065,1.0,1.0,86.021,1.98
2011,New Zealand,10.0,0.0,0,1.039,1.0,1.0,86.1,1.97
2012,New Zealand,10.0,0.0,0,1.079,1.0,1.0,86.161,1.89
2000,Nicaragua,6.0,1.0,0,0.664,3.0,3.0,53.075,4.596
2001,Nicaragua,6.0,0.0,0,0.707,3.0,3.0,53.352,4.432
2002,Nicaragua,6.0,0.0,0,0.777,4.0,4.0,53.63,4.267
2003,Nicaragua,6.0,0.0,0,0.727,4.0,4.0,53.907,4.102
2004,Nicaragua,6.0,0.0,125,0.766,4.0,4.0,54.183,3.937
2005,Nicaragua,8.0,0.0,500,0.783,4.0,4.0,54.437,3.775
2006,Nicaragua,8.0,0.0,0,0.78,3.0,3.0,54.587,3.62
2007,Nicaragua,8.0,0.0,125,0.856,3.0,3.0,54.737,3.473
2008,Nicaragua,8.0,0.0,437,0.882,2.0,2.0,54.886,3.339
2009,Nicaragua,8.0,0.0,0,0.856,3.0,3.0,55.036,3.218
2010,Nicaragua,8.0,0.0,0,0.836,3.0,3.0,55.185,3.111
2011,Nicaragua,8.0,0.0,0,0.761,3.0,3.0,55.335,3.019
2012,Nicaragua,8.0,0.0,250,0.801,3.0,3.0,55.484,2.941
2000,Nigeria,-5.0,1.0,1625,0.441,5.0,5.0,29.68,6.459
2001,Nigeria,-5.0,1.0,2812,0.909,5.0,5.0,30.176,6.426
2002,Nigeria,-5.0,1.0,5062,0.746,5.0,5.0,30.677,6.391
2003,Nigeria,-7.0,1.0,3562,0.61,7.0,7.0,31.182,6.354
2004,Nigeria,-7.0,1.0,2687,0.485,7.0,7.0,31.691,6.319
2005,Nigeria,-6.0,1.0,0,0.393,7.0,7.0,32.205,6.273
2006,Nigeria,-6.0,1.0,1250,0.351,7.0,7.0,32.725,6.217
2007,Nigeria,-6.0,1.0,250,0.355,7.0,7.0,33.247,6.138
2008,Nigeria,-88.0,0.0,2125,0.318,6.0,6.0,33.773,6.069
2009,Nigeria,4.0,0.0,2937,0.59,4.0,4.0,34.304,6.082
2010,Nigeria,4.0,0.0,1937,0.756,4.0,4.0,34.84,6.124
2011,Nigeria,4.0,0.0,28,0.85,4.0,4.0,35.669,6.139
2012,Nigeria,4.0,0.0,31000,0.784,4.0,4.0,36.508,6.135
2000,Niger,-4.0,7.0,0,0.625,6.0,6.0,15.368,7.806
2001,Niger,-88.0,11.0,0,0.61,6.0,6.0,15.449,7.798
2002,Niger,-88.0,11.0,0,0.544,5.0,5.0,15.529,7.795
2003,Niger,6.0,11.0,0,0.526,3.0,3.0,15.61,7.79
2004,Niger,6.0,9.0,0,0.489,3.0,3.0,15.691,7.786
2005,Niger,6.0,5.0,0,0.418,3.0,3.0,15.773,7.776
2006,Niger,-3.0,4.0,0,0.539,7.0,7.0,15.855,7.762
2007,Niger,-3.0,5.0,0,0.541,7.0,7.0,15.937,7.759
2008,Niger,-3.0,5.0,1875,0.596,7.0,7.0,16.02,7.762
2009,Niger,5.0,5.0,125,0.652,5.0,5.0,16.103,7.752
2010,Niger,5.0,5.0,1875,0.652,4.0,4.0,16.186,7.732
2011,Niger,5.0,8.0,0,0.665,4.0,4.0,16.26,7.695
2012,Niger,5.0,8.0,0,0.727,4.0,4.0,16.255,7.671
2000,Norway,10.0,2.0,250,1.071,1.0,1.0,71.956,1.93
2001,Norway,10.0,0.0,0,1.067,1.0,1.0,72.265,1.92
2002,Norway,10.0,0.0,0,1.041,1.0,1.0,72.665,1.88
2003,Norway,10.0,0.0,0,1.01,1.0,1.0,73.061,1.86
2004,Norway,10.0,4.0,0,1.031,1.0,1.0,73.453,1.87
2005,Norway,10.0,4.0,0,1.022,1.0,1.0,73.787,1.87
2006,Norway,10.0,4.0,0,0.978,1.0,1.0,74.062,1.89
2007,Norway,10.0,0.0,0,0.979,1.0,1.0,74.476,1.86
2008,Norway,10.0,0.0,0,1.037,1.0,1.0,75.027,1.81
2009,Norway,10.0,4.0,0,1.011,1.0,1.0,75.569,1.85
2010,Norway,10.0,4.0,0,0.93,1.0,1.0,76.02,1.85
2011,Norway,10.0,4.0,0,0.942,1.0,1.0,76.378,1.78
2012,Norway,10.0,4.0,0,0.967,1.0,1.0,76.733,1.75
2000,Netherlands,10.0,0.0,125,1.242,1.0,1.0,68.684,1.62
2001,Netherlands,10.0,0.0,0,1.291,1.0,1.0,69.329,1.61
2002,Netherlands,10.0,0.0,562,1.287,1.0,1.0,70.223,1.59
2003,Netherlands,10.0,0.0,0,1.292,1.0,1.0,71.1,1.57
2004,Netherlands,10.0,0.0,125,1.225,1.0,1.0,71.962,1.57
2005,Netherlands,10.0,0.0,0,1.136,1.0,1.0,72.809,1.53
2006,Netherlands,10.0,0.0,0,1.129,1.0,1.0,73.64,1.53
2007,Netherlands,10.0,0.0,0,1.098,1.0,1.0,74.453,1.56
2008,Netherlands,10.0,0.0,0,1.079,1.0,1.0,75.25,1.63
2009,Netherlands,10.0,0.0,0,1.097,1.0,1.0,76.03,1.65
2010,Netherlands,10.0,0.0,250,1.065,1.0,1.0,76.795,1.72
2011,Netherlands,10.0,0.0,0,1.023,1.0,1.0,77.83,1.71
2012,Netherlands,10.0,0.0,688,1.011,1.0,1.0,79.113,1.73
2000,Oman,-10.0,0.0,0,1.39,6.0,6.0,66.102,6.606
2001,Oman,-9.0,0.0,0,1.198,6.0,6.0,67.796,6.339
2002,Oman,-9.0,0.0,0,1.121,6.0,6.0,69.447,6.045
2003,Oman,-9.0,0.0,0,1.029,6.0,6.0,71.044,5.761
2004,Oman,-9.0,1.0,0,1.198,6.0,6.0,71.688,5.472
2005,Oman,-9.0,0.0,0,1.216,6.0,6.0,71.669,5.19
2006,Oman,-9.0,0.0,0,1.16,6.0,6.0,71.649,4.895
2007,Oman,-9.0,0.0,0,1.368,6.0,6.0,71.629,4.616
2008,Oman,-9.0,0.0,0,1.34,6.0,6.0,71.609,4.344
2009,Oman,-9.0,0.0,0,1.315,6.0,6.0,71.589,4.126
2010,Oman,-9.0,0.0,0,1.344,6.0,6.0,71.569,3.893
2011,Oman,-9.0,0.0,11,1.463,6.0,6.0,71.549,3.69
2012,Oman,-8.0,0.0,0,1.468,6.0,6.0,71.529,3.501
2000,Pakistan,8.0,22.0,312,0.844,4.0,4.0,30.576,6.364
2001,Pakistan,8.0,23.0,562,0.764,4.0,4.0,30.826,6.291
2002,Pakistan,8.0,23.0,375,0.807,4.0,4.0,31.077,6.207
2003,Pakistan,8.0,23.0,1187,0.798,3.0,3.0,31.329,6.112
2004,Pakistan,8.0,16.0,1562,0.787,3.0,3.0,31.582,6.008
2005,Pakistan,8.0,16.0,0,0.817,3.0,3.0,31.836,5.894
2006,Pakistan,8.0,16.0,1125,0.84,4.0,4.0,32.092,5.771
2007,Pakistan,7.0,16.0,3000,0.775,4.0,4.0,32.348,5.642
2008,Pakistan,7.0,16.0,1437,0.771,4.0,4.0,32.585,5.508
2009,Pakistan,-6.0,15.0,2062,0.789,7.0,7.0,32.783,5.393
2010,Pakistan,-6.0,14.0,2437,0.731,6.0,6.0,32.982,5.257
2011,Pakistan,-6.0,19.0,33,0.712,6.0,6.0,33.18,5.123
2012,Pakistan,-5.0,12.0,15625,0.722,6.0,6.0,33.38,5.008
2000,Panama,8.0,4.0,0,0.828,4.0,4.0,53.903,3.096
2001,Panama,8.0,4.0,0,0.844,4.0,4.0,54.757,2.999
2002,Panama,8.0,4.0,125,0.824,4.0,4.0,55.609,2.95
2003,Panama,8.0,4.0,250,0.785,3.0,3.0,56.456,2.909
2004,Panama,9.0,4.0,500,0.771,2.0,2.0,57.301,2.877
2005,Panama,9.0,4.0,125,0.808,2.0,2.0,58.141,2.852
2006,Panama,9.0,4.0,0,0.665,2.0,2.0,58.978,2.83
2007,Panama,9.0,4.0,0,0.633,2.0,2.0,59.807,2.81
2008,Panama,9.0,4.0,125,0.629,2.0,2.0,60.632,2.789
2009,Panama,9.0,4.0,0,0.675,1.0,1.0,61.451,2.767
2010,Panama,9.0,4.0,0,0.602,1.0,1.0,62.198,2.744
2011,Panama,9.0,4.0,0,0.547,1.0,1.0,62.497,2.72
2012,Panama,9.0,4.0,0,0.535,1.0,1.0,62.794,2.698
2000,Paraguay,2.0,0.0,2500,0.768,4.0,4.0,48.694,4.547
2001,Paraguay,2.0,0.0,125,0.625,3.0,3.0,49.439,4.457
2002,Paraguay,7.0,0.0,687,0.698,3.0,3.0,50.186,4.368
2003,Paraguay,7.0,0.0,562,0.64,3.0,3.0,50.844,4.282
2004,Paraguay,7.0,0.0,375,0.719,4.0,4.0,51.488,4.196
2005,Paraguay,7.0,0.0,125,0.814,4.0,4.0,52.131,4.108
2006,Paraguay,7.0,0.0,0,0.772,4.0,4.0,52.774,4.014
2007,Paraguay,7.0,0.0,0,0.777,4.0,4.0,53.414,3.911
2008,Paraguay,6.0,0.0,0,0.723,4.0,4.0,54.054,3.798
2009,Paraguay,7.0,0.0,0,0.662,4.0,4.0,54.693,3.678
2010,Paraguay,7.0,0.0,0,0.655,4.0,4.0,55.331,3.553
2011,Paraguay,7.0,0.0,12,0.619,4.0,4.0,55.966,3.431
2012,Paraguay,7.0,0.0,2312,0.523,4.0,4.0,56.6,3.315
2000,Peru,8.0,4.0,9312,0.922,3.0,3.0,68.901,3.912
2001,Peru,8.0,4.0,3375,0.904,3.0,3.0,69.3,3.794
2002,Peru,-4.0,4.0,1875,0.971,6.0,6.0,69.697,3.673
2003,Peru,-1.0,4.0,1187,0.968,5.0,5.0,70.089,3.552
2004,Peru,-1.0,4.0,1312,1.029,5.0,5.0,70.521,3.432
2005,Peru,-1.0,5.0,3375,1.054,5.0,5.0,70.951,3.315
2006,Peru,-1.0,4.0,3125,1.083,4.0,4.0,71.377,3.203
2007,Peru,-1.0,4.0,3125,1.082,5.0,5.0,71.798,3.099
2008,Peru,-1.0,4.0,937,1.071,5.0,5.0,72.216,3.002
2009,Peru,-1.0,4.0,1375,0.942,5.0,5.0,72.631,2.917
2010,Peru,-88.0,4.0,312,0.896,3.0,3.0,73.042,2.845
2011,Peru,9.0,4.0,15,0.908,1.0,1.0,73.448,2.744
2012,Peru,9.0,4.0,125,0.861,2.0,2.0,73.85,2.693
2000,Philippines,8.0,0.0,3500,1.091,3.0,3.0,46.986,4.352
2001,Philippines,8.0,0.0,4250,1.119,3.0,3.0,46.901,4.319
2002,Philippines,8.0,0.0,3750,1.183,3.0,3.0,46.815,4.242
2003,Philippines,8.0,0.0,7312,1.179,3.0,3.0,46.73,4.148
2004,Philippines,8.0,0.0,5000,1.195,3.0,3.0,46.645,4.072
2005,Philippines,8.0,0.0,3750,1.197,2.0,2.0,46.56,4.042
2006,Philippines,8.0,0.0,3750,1.219,2.0,2.0,46.475,3.967
2007,Philippines,8.0,0.0,6562,1.18,2.0,2.0,46.39,3.899
2008,Philippines,8.0,0.0,6250,1.092,2.0,2.0,46.305,3.848
2009,Philippines,8.0,0.0,3125,1.024,2.0,2.0,46.22,3.788
2010,Philippines,8.0,0.0,0,0.963,2.0,2.0,46.135,3.714
2011,Philippines,8.0,0.0,28,0.964,2.0,2.0,46.05,3.718
2012,Philippines,8.0,0.0,5375,0.901,2.0,2.0,45.965,3.656
2000,Papua New Guinea,4.0,9.0,0,0.732,2.0,2.0,14.994,5.18
2001,Papua New Guinea,4.0,9.0,1875,0.625,2.0,2.0,14.816,5.109
2002,Papua New Guinea,4.0,7.0,2125,0.522,2.0,2.0,14.629,5.033
2003,Papua New Guinea,4.0,2.0,1875,0.452,2.0,2.0,14.445,4.962
2004,Papua New Guinea,4.0,0.0,1875,0.519,2.0,2.0,14.262,4.87
2005,Papua New Guinea,4.0,0.0,1875,0.506,2.0,2.0,14.081,4.78
2006,Papua New Guinea,4.0,0.0,0,0.546,2.0,2.0,13.901,4.728
2007,Papua New Guinea,4.0,1.0,0,0.667,2.0,2.0,13.724,4.679
2008,Papua New Guinea,4.0,3.0,0,0.605,2.0,2.0,13.549,4.632
2009,Papua New Guinea,4.0,4.0,0,0.58,2.0,2.0,13.375,4.587
2010,Papua New Guinea,4.0,2.0,0,0.527,2.0,2.0,13.204,4.525
2011,Papua New Guinea,4.0,3.0,2,0.497,2.0,2.0,13.182,4.469
2012,Papua New Guinea,4.0,2.0,1875,0.531,2.0,2.0,13.164,4.419
2000,Poland,5.0,2.0,0,,2.0,2.0,61.27,2.06
2001,Poland,8.0,0.0,0,0.913,2.0,2.0,61.315,2.07
2002,Poland,8.0,0.0,250,0.962,2.0,2.0,61.359,1.95
2003,Poland,8.0,0.0,250,1.067,2.0,2.0,61.404,1.87
2004,Poland,8.0,4.0,0,1.005,2.0,2.0,61.449,1.81
2005,Poland,9.0,4.0,0,0.964,1.0,1.0,61.493,1.62
2006,Poland,9.0,4.0,0,0.952,1.0,1.0,61.538,1.59
2007,Poland,9.0,0.0,125,0.915,1.0,1.0,61.583,1.51
2008,Poland,9.0,0.0,0,0.879,1.0,1.0,61.627,1.44
2009,Poland,9.0,4.0,0,0.791,1.0,1.0,61.672,1.37
2010,Poland,9.0,4.0,0,0.728,1.0,1.0,61.716,1.37
2011,Poland,9.0,4.0,0,0.703,1.0,1.0,61.761,1.31
2012,Poland,10.0,4.0,438,0.725,1.0,1.0,61.787,1.25
2000,Portugal,10.0,0.0,0,0.7,1.0,1.0,47.915,1.56
2001,Portugal,10.0,0.0,0,0.729,1.0,1.0,48.469,1.56
2002,Portugal,10.0,0.0,0,0.8,1.0,1.0,49.13,1.54
2003,Portugal,10.0,0.0,0,0.752,1.0,1.0,49.789,1.52
2004,Portugal,10.0,0.0,0,0.772,1.0,1.0,50.449,1.45
2005,Portugal,10.0,0.0,0,0.776,1.0,1.0,51.109,1.41
2006,Portugal,10.0,0.0,0,0.801,1.0,1.0,51.77,1.44
2007,Portugal,10.0,0.0,125,0.787,1.0,1.0,52.428,1.47
2008,Portugal,10.0,0.0,0,0.791,1.0,1.0,53.086,1.47
2009,Portugal,10.0,0.0,0,0.812,1.0,1.0,53.743,1.5
2010,Portugal,10.0,0.0,0,0.802,1.0,1.0,54.399,1.55
2011,Portugal,10.0,0.0,4,0.783,1.0,1.0,55.044,1.45
2012,Portugal,10.0,0.0,1625,0.794,1.0,1.0,55.666,1.46
2000,Qatar,-10.0,0.0,0,1.716,7.0,7.0,92.786,4.176
2001,Qatar,-10.0,0.0,0,1.659,7.0,7.0,93.291,3.879
2002,Qatar,-10.0,0.0,0,1.69,7.0,7.0,93.763,3.77
2003,Qatar,-10.0,0.0,0,1.613,7.0,7.0,94.203,3.738
2004,Qatar,-10.0,0.0,0,1.594,7.0,7.0,94.614,3.661
2005,Qatar,-10.0,0.0,0,1.503,7.0,7.0,94.998,3.573
2006,Qatar,-10.0,0.0,0,1.551,7.0,7.0,95.356,3.5
2007,Qatar,-10.0,0.0,0,1.389,7.0,7.0,95.659,3.433
2008,Qatar,-10.0,0.0,0,1.679,7.0,7.0,95.888,3.342
2009,Qatar,-10.0,0.0,0,1.18,6.0,6.0,96.105,3.27
2010,Qatar,-10.0,0.0,0,0.785,6.0,6.0,96.311,3.227
2011,Qatar,-10.0,0.0,0,0.883,6.0,6.0,96.506,3.181
2012,Qatar,-10.0,0.0,0,0.947,6.0,6.0,96.692,3.042
2000,Romania,5.0,2.0,0,2.129,6.0,6.0,53.217,1.83
2001,Romania,5.0,0.0,0,1.795,5.0,5.0,53.93,1.59
2002,Romania,5.0,1.0,0,1.691,4.0,4.0,54.227,1.51
2003,Romania,5.0,1.0,0,1.584,4.0,4.0,54.074,1.43
2004,Romania,5.0,1.0,0,1.437,4.0,4.0,53.922,1.4
2005,Romania,5.0,1.0,0,1.539,4.0,4.0,53.769,1.33
2006,Romania,8.0,1.0,0,1.414,2.0,2.0,53.616,1.3
2007,Romania,8.0,1.0,0,1.402,2.0,2.0,53.463,1.32
2008,Romania,8.0,3.0,125,1.439,2.0,2.0,53.311,1.32
2009,Romania,8.0,7.0,0,1.447,2.0,2.0,53.158,1.3
2010,Romania,8.0,0.0,250,1.354,2.0,2.0,53.004,1.31
2011,Romania,8.0,0.0,0,1.242,2.0,2.0,52.852,1.27
2012,Romania,8.0,0.0,3750,1.202,2.0,2.0,52.78,1.27
2000,Rwanda,-7.0,2.0,250,0.746,6.0,6.0,5.416,6.873
2001,Rwanda,-7.0,3.0,0,0.762,6.0,6.0,5.491,6.705
2002,Rwanda,-7.0,4.0,0,0.744,6.0,6.0,6.288,6.607
2003,Rwanda,-7.0,8.0,1875,0.705,6.0,6.0,7.313,6.51
2004,Rwanda,-6.0,8.0,1875,0.283,7.0,7.0,8.49,6.408
2005,Rwanda,-6.0,8.0,125,0.526,7.0,7.0,9.837,6.324
2006,Rwanda,-6.0,14.0,0,0.742,7.0,7.0,11.374,6.251
2007,Rwanda,-6.0,12.0,0,0.763,7.0,7.0,12.466,6.176
2008,Rwanda,-6.0,12.0,0,0.798,7.0,7.0,13.244,6.116
2009,Rwanda,-6.0,12.0,0,0.789,7.0,7.0,14.064,6.013
2010,Rwanda,-4.0,12.0,1875,0.739,7.0,7.0,14.926,5.924
2011,Rwanda,-4.0,12.0,2,0.792,7.0,7.0,15.829,5.844
2012,Rwanda,-4.0,12.0,0,0.883,7.0,7.0,16.777,5.752
2000,South Africa,5.0,6.0,0,1.623,5.0,5.0,52.037,3.724
2001,South Africa,5.0,6.0,250,1.647,5.0,5.0,52.554,3.618
2002,South Africa,-88.0,6.0,125,1.508,5.0,5.0,53.038,3.479
2003,South Africa,-88.0,0.0,0,1.579,5.0,5.0,53.521,3.372
2004,South Africa,9.0,0.0,0,1.593,2.0,2.0,54.004,3.258
2005,South Africa,9.0,0.0,0,1.607,1.0,1.0,54.486,3.172
2006,South Africa,9.0,0.0,0,1.623,1.0,1.0,54.967,2.991
2007,South Africa,9.0,0.0,0,1.695,1.0,1.0,55.449,2.734
2008,South Africa,9.0,0.0,0,1.734,1.0,1.0,55.93,2.63
2009,South Africa,9.0,0.0,375,1.696,1.0,1.0,56.411,2.559
2010,South Africa,9.0,0.0,0,1.609,1.0,1.0,56.891,2.413
2011,South Africa,9.0,0.0,8,1.596,1.0,1.0,57.368,2.373
2012,South Africa,9.0,0.0,1938,1.511,1.0,1.0,57.898,2.324
2000,El Salvador,6.0,6.0,0,0.587,3.0,3.0,49.274,3.947
2001,El Salvador,6.0,5.0,0,0.681,3.0,3.0,49.794,3.87
2002,El Salvador,6.0,5.0,0,0.73,3.0,3.0,50.315,3.815
2003,El Salvador,6.0,5.0,125,0.768,3.0,3.0,51.417,3.734
2004,El Salvador,7.0,5.0,312,0.827,3.0,3.0,52.704,3.66
2005,El Salvador,7.0,5.0,125,0.928,3.0,3.0,53.988,3.577
2006,El Salvador,7.0,5.0,312,0.904,3.0,3.0,55.268,3.482
2007,El Salvador,7.0,0.0,0,0.801,2.0,2.0,56.537,3.377
2008,El Salvador,7.0,0.0,0,0.784,2.0,2.0,57.8,3.357
2009,El Salvador,7.0,0.0,0,0.82,2.0,2.0,58.357,3.259
2010,El Salvador,7.0,0.0,0,0.823,2.0,2.0,58.912,3.14
2011,El Salvador,7.0,0.0,0,0.876,2.0,2.0,59.464,2.977
2012,El Salvador,7.0,0.0,0,0.93,2.0,2.0,60.014,2.809
2000,Saudi Arabia,-10.0,18.0,0,0.741,7.0,7.0,76.583,5.83
2001,Saudi Arabia,-10.0,18.0,0,0.718,7.0,7.0,77.223,5.662
2002,Saudi Arabia,-10.0,8.0,0,0.67,7.0,7.0,77.851,5.493
2003,Saudi Arabia,-10.0,8.0,125,0.703,7.0,7.0,78.186,5.319
2004,Saudi Arabia,-10.0,4.0,0,0.688,7.0,7.0,78.429,5.142
2005,Saudi Arabia,-10.0,3.0,0,1.008,7.0,7.0,78.67,4.952
2006,Saudi Arabia,-10.0,4.0,0,0.736,7.0,7.0,78.91,4.769
2007,Saudi Arabia,-10.0,4.0,0,1.003,7.0,7.0,79.147,4.592
2008,Saudi Arabia,-10.0,5.0,0,0.892,7.0,7.0,79.383,4.419
2009,Saudi Arabia,-10.0,1.0,0,0.777,7.0,7.0,79.616,4.247
2010,Saudi Arabia,-10.0,1.0,0,1.032,7.0,7.0,79.848,4.115
2011,Saudi Arabia,-10.0,1.0,18,0.986,7.0,7.0,80.077,3.91
2012,Saudi Arabia,-10.0,1.0,812,0.893,7.0,7.0,80.304,3.706
2000,Senegal,-1.0,1.0,1875,0.931,4.0,4.0,38.896,6.396
2001,Senegal,-1.0,1.0,0,1.009,4.0,4.0,39.038,6.267
2002,Senegal,-1.0,1.0,0,1.093,4.0,4.0,39.18,6.149
2003,Senegal,-1.0,1.0,0,0.905,4.0,4.0,39.321,6.049
2004,Senegal,-1.0,1.0,0,0.775,4.0,4.0,39.464,5.915
2005,Senegal,-1.0,1.0,0,0.838,4.0,4.0,39.606,5.819
2006,Senegal,-1.0,0.0,0,0.93,4.0,4.0,39.749,5.723
2007,Senegal,-1.0,0.0,0,0.904,4.0,4.0,39.891,5.639
2008,Senegal,-1.0,2.0,0,0.901,4.0,4.0,40.034,5.581
2009,Senegal,-1.0,2.0,0,0.929,4.0,4.0,40.177,5.573
2010,Senegal,8.0,1.0,0,0.959,3.0,3.0,40.32,5.498
2011,Senegal,8.0,1.0,6,0.954,3.0,3.0,40.464,5.412
2012,Senegal,8.0,0.0,1312,0.993,2.0,2.0,40.607,5.311
2006,Serbia,8.0,0.0,0,0.996,2.0,2.0,40.898,5.252
2007,Serbia,8.0,0.0,0,1.014,2.0,2.0,41.306,5.184
2008,Serbia,8.0,0.0,0,1.075,2.0,2.0,41.714,5.186
2009,Serbia,8.0,0.0,0,1.088,2.0,2.0,42.124,5.198
2010,Serbia,7.0,0.0,0,1.129,2.0,2.0,42.535,5.11
2011,Serbia,7.0,0.0,8,1.056,3.0,3.0,42.947,5.051
2012,Serbia,7.0,0.0,0,1.02,3.0,3.0,43.359,5.081
2000,Sierra Leone,-7.0,4.0,3250,0.345,6.0,6.0,33.252,6.567
2001,Sierra Leone,-6.0,4.0,3125,0.575,6.0,6.0,33.485,6.553
2002,Sierra Leone,-7.0,4.0,1875,0.773,7.0,7.0,33.72,6.555
2003,Sierra Leone,-7.0,4.0,1875,0.921,7.0,7.0,33.955,6.569
2004,Sierra Leone,-7.0,4.0,0,0.919,7.0,7.0,34.192,6.557
2005,Sierra Leone,-7.0,4.0,0,0.709,7.0,7.0,34.429,6.555
2006,Sierra Leone,4.0,4.0,0,0.599,4.0,4.0,34.667,6.552
2007,Sierra Leone,-77.0,4.0,0,0.78,7.0,7.0,34.905,6.531
2008,Sierra Leone,-77.0,0.0,0,0.563,3.0,3.0,35.144,6.495
2009,Sierra Leone,-77.0,0.0,0,0.488,3.0,3.0,35.384,6.423
2010,Sierra Leone,-77.0,2.0,0,0.761,4.0,4.0,35.626,6.355
2011,Sierra Leone,-88.0,2.0,0,0.716,4.0,4.0,35.867,6.305
2012,Sierra Leone,5.0,1.0,0,0.662,4.0,4.0,36.109,6.23
2000,Singapore,-4.0,0.0,0,0.659,4.0,4.0,100.0,1.83
2001,Singapore,-4.0,0.0,0,0.695,4.0,4.0,100.0,1.73
2002,Singapore,-4.0,0.0,0,0.741,4.0,4.0,100.0,1.72
2003,Singapore,-4.0,0.0,0,0.736,5.0,5.0,100.0,1.74
2004,Singapore,-4.0,0.0,0,0.731,5.0,5.0,100.0,1.71
2005,Singapore,-4.0,0.0,0,0.666,5.0,5.0,100.0,1.67
2006,Singapore,-4.0,0.0,0,0.672,4.0,4.0,100.0,1.66
2007,Singapore,-4.0,0.0,0,0.648,5.0,5.0,100.0,1.61
2008,Singapore,-4.0,0.0,0,0.601,5.0,5.0,100.0,1.48
2009,Singapore,-4.0,0.0,0,0.602,5.0,5.0,100.0,1.47
2010,Singapore,-4.0,0.0,0,0.594,5.0,5.0,100.0,1.6
2011,Singapore,-4.0,0.0,0,0.592,5.0,5.0,100.0,1.41
2012,Singapore,-4.0,0.0,125,0.51,5.0,5.0,100.0,1.37
2000,Slovenia,-2.0,0.0,0,0.454,4.0,4.0,100.0,1.2
2001,Slovenia,-2.0,0.0,0,0.472,4.0,4.0,100.0,1.29
2002,Slovenia,10.0,3.0,0,0.855,2.0,2.0,50.543,1.33
2003,Slovenia,10.0,3.0,0,1.045,1.0,1.0,50.569,1.33
2004,Slovenia,10.0,3.0,0,1.232,1.0,1.0,50.596,1.32
2005,Slovenia,10.0,3.0,0,1.305,1.0,1.0,50.622,1.29
2006,Slovenia,10.0,0.0,0,1.26,1.0,1.0,50.649,1.28
2007,Slovenia,10.0,0.0,0,1.213,1.0,1.0,50.675,1.25
2008,Slovenia,10.0,0.0,0,1.225,1.0,1.0,50.701,1.23
2009,Slovenia,10.0,0.0,0,1.241,1.0,1.0,50.728,1.21
2010,Slovenia,10.0,0.0,0,1.199,1.0,1.0,50.754,1.26
2011,Slovenia,10.0,0.0,0,1.194,1.0,1.0,50.78,1.21
2012,Slovenia,10.0,0.0,125,1.196,1.0,1.0,50.857,1.21
2000,Solomon Islands,8.0,0.0,3687,1.636,1.0,1.0,13.677,5.66
2001,Solomon Islands,8.0,0.0,0,1.523,1.0,1.0,13.87,5.545
2002,Solomon Islands,8.0,0.0,0,1.66,1.0,1.0,14.065,5.445
2003,Solomon Islands,8.0,0.0,1875,1.401,1.0,1.0,14.262,5.375
2004,Solomon Islands,8.0,0.0,1875,1.402,1.0,1.0,14.462,5.314
2005,Solomon Islands,8.0,0.0,1875,1.321,1.0,1.0,14.664,5.243
2006,Solomon Islands,8.0,0.0,4000,1.188,1.0,1.0,14.869,5.118
2007,Solomon Islands,8.0,0.0,1562,1.069,1.0,1.0,15.076,4.987
2008,Solomon Islands,8.0,0.0,0,1.061,1.0,1.0,15.285,4.903
2009,Solomon Islands,8.0,0.0,0,1.141,1.0,1.0,15.496,4.821
2010,Solomon Islands,-77.0,0.0,0,0.92,4.0,4.0,15.813,4.756
2011,Solomon Islands,-77.0,0.0,0,0.697,4.0,4.0,16.201,4.692
2012,Solomon Islands,-77.0,0.0,0,0.745,3.0,3.0,16.597,4.626
2000,Somalia,-7.0,6.0,0,0.16,7.0,7.0,29.658,7.44
2001,Somalia,-77.0,8.0,125,0.14,7.0,7.0,30.007,7.47
2002,Somalia,-77.0,2.0,0,0.147,7.0,7.0,30.359,7.5
2003,Somalia,-77.0,2.0,0,0.31,7.0,7.0,30.711,7.526
2004,Somalia,-77.0,1.0,1250,0.524,7.0,7.0,31.067,7.544
2005,Somalia,-77.0,0.0,1562,0.733,7.0,7.0,31.425,7.581
2006,Somalia,-77.0,0.0,5437,0.337,7.0,7.0,31.785,7.621
2007,Somalia,-77.0,0.0,3750,0.334,7.0,7.0,32.147,7.662
2008,Somalia,-77.0,5.0,4875,0.34,7.0,7.0,32.511,7.647
2009,Somalia,-77.0,6.0,2750,0.329,7.0,7.0,32.878,7.632
2010,Somalia,-77.0,6.0,3375,0.42,6.0,6.0,33.247,7.61
2011,Somalia,-77.0,0.0,16,0.408,6.0,6.0,33.617,7.582
2012,Somalia,-77.0,0.0,4375,0.447,6.0,6.0,33.99,7.578
2000,Spain,10.0,0.0,3500,1.15,1.0,1.0,75.351,1.36
2001,Spain,10.0,0.0,4062,1.153,1.0,1.0,75.528,1.33
2002,Spain,10.0,0.0,3625,1.184,1.0,1.0,75.61,1.31
2003,Spain,10.0,0.0,3250,1.145,1.0,1.0,75.692,1.26
2004,Spain,10.0,0.0,3687,1.135,1.0,1.0,75.774,1.19
2005,Spain,10.0,0.0,3375,1.1,1.0,1.0,75.856,1.16
2006,Spain,10.0,0.0,3125,1.106,1.0,1.0,75.938,1.14
2007,Spain,10.0,0.0,125,1.103,1.0,1.0,76.019,1.15
2008,Spain,10.0,0.0,0,1.116,1.0,1.0,76.1,1.13
2009,Spain,10.0,0.0,0,1.125,1.0,1.0,76.181,1.17
2010,Spain,10.0,0.0,0,1.116,1.0,1.0,76.262,1.22
2011,Spain,10.0,0.0,14,1.095,1.0,1.0,76.343,1.23
2012,Spain,10.0,0.0,6625,1.105,1.0,1.0,76.533,1.25
2000,Sri Lanka,5.0,0.0,3125,1.288,4.0,4.0,18.535,2.517
2001,Sri Lanka,5.0,0.0,3750,1.247,4.0,4.0,18.52,2.5
2002,Sri Lanka,5.0,0.0,3125,1.201,4.0,4.0,18.504,2.483
2003,Sri Lanka,5.0,0.0,3500,1.148,4.0,4.0,18.489,2.406
2004,Sri Lanka,5.0,0.0,3125,1.117,4.0,4.0,18.473,2.343
2005,Sri Lanka,5.0,0.0,1875,1.138,4.0,4.0,18.458,2.295
2006,Sri Lanka,5.0,0.0,3125,1.081,3.0,3.0,18.442,2.238
2007,Sri Lanka,5.0,0.0,3125,1.009,3.0,3.0,18.427,2.182
2008,Sri Lanka,5.0,0.0,312,0.908,3.0,3.0,18.411,2.116
2009,Sri Lanka,5.0,0.0,2187,0.935,3.0,3.0,18.396,2.138
2010,Sri Lanka,5.0,0.0,0,0.881,3.0,3.0,18.38,2.191
2011,Sri Lanka,6.0,0.0,0,0.889,3.0,3.0,18.365,2.261
2012,Sri Lanka,6.0,0.0,312,0.854,3.0,3.0,18.349,2.275
2000,Sudan,-7.0,12.0,0,0.608,7.0,7.0,28.61,6.168
2001,Sudan,-7.0,13.0,1875,0.488,7.0,7.0,29.84,6.116
2002,Sudan,-7.0,10.0,3125,0.685,7.0,7.0,31.103,6.053
2003,Sudan,-7.0,10.0,3125,0.602,7.0,7.0,32.127,5.961
2004,Sudan,-7.0,9.0,6250,0.54,7.0,7.0,32.179,5.874
2005,Sudan,-7.0,5.0,6562,0.469,7.0,7.0,32.232,5.788
2006,Sudan,-7.0,11.0,3125,0.428,7.0,7.0,32.284,5.707
2007,Sudan,-7.0,9.0,0,0.475,7.0,7.0,32.337,5.596
2008,Sudan,-7.0,19.0,3125,0.479,7.0,7.0,32.39,5.504
2009,Sudan,-6.0,20.0,3250,0.446,7.0,7.0,32.442,5.447
2010,Sudan,-6.0,19.0,1250,0.312,7.0,7.0,32.495,5.38
2000,Suriname,2.0,0.0,0,0.976,6.0,6.0,65.706,3.267
2001,Suriname,5.0,0.0,0,1.015,4.0,4.0,65.78,3.231
2002,Suriname,5.0,0.0,0,0.864,3.0,3.0,65.854,3.195
2003,Suriname,5.0,0.0,0,0.272,3.0,3.0,65.928,3.156
2004,Suriname,5.0,0.0,0,0.523,3.0,3.0,66.002,3.115
2005,Suriname,5.0,0.0,0,0.819,3.0,3.0,66.076,3.072
2006,Suriname,5.0,0.0,0,0.992,3.0,3.0,66.15,3.03
2007,Suriname,5.0,0.0,0,0.925,3.0,3.0,66.223,2.99
2008,Suriname,5.0,0.0,0,1.199,3.0,3.0,66.297,2.955
2009,Suriname,5.0,0.0,0,0.913,3.0,3.0,66.371,2.923
2010,Suriname,5.0,0.0,0,1.055,1.0,1.0,66.444,2.895
2011,Suriname,5.0,0.0,0,1.51,1.0,1.0,66.517,2.868
2012,Suriname,5.0,0.0,0,1.065,1.0,1.0,66.591,2.84
2000,Sweden,10.0,0.0,0,1.645,1.0,1.0,83.1,2.13
2001,Sweden,10.0,0.0,0,1.586,1.0,1.0,83.204,2.11
2002,Sweden,10.0,0.0,0,1.503,1.0,1.0,83.361,2.09
2003,Sweden,10.0,0.0,625,1.471,1.0,1.0,83.516,1.99
2004,Sweden,10.0,0.0,0,1.459,1.0,1.0,83.671,1.88
2005,Sweden,10.0,0.0,0,1.471,1.0,1.0,83.824,1.73
2006,Sweden,10.0,0.0,0,1.523,1.0,1.0,83.914,1.6
2007,Sweden,10.0,0.0,0,1.533,1.0,1.0,83.942,1.52
2008,Sweden,10.0,0.0,0,1.518,1.0,1.0,83.97,1.5
2009,Sweden,10.0,0.0,125,1.515,1.0,1.0,83.998,1.5
2010,Sweden,10.0,0.0,0,1.497,1.0,1.0,84.026,1.54
2011,Sweden,10.0,0.0,0,1.425,1.0,1.0,84.071,1.57
2012,Sweden,10.0,0.0,0,1.369,1.0,1.0,84.133,1.65
2000,Switzerland,10.0,0.0,0,0.739,1.0,1.0,73.926,1.58
2001,Switzerland,10.0,0.0,0,0.736,1.0,1.0,73.869,1.58
2002,Switzerland,10.0,0.0,250,0.748,1.0,1.0,73.815,1.58
2003,Switzerland,10.0,0.0,0,0.763,1.0,1.0,73.762,1.51
2004,Switzerland,10.0,0.0,0,0.774,1.0,1.0,73.708,1.49
2005,Switzerland,10.0,0.0,0,0.79,1.0,1.0,73.654,1.48
2006,Switzerland,10.0,0.0,0,0.802,1.0,1.0,73.6,1.5
2007,Switzerland,10.0,0.0,0,0.778,1.0,1.0,73.546,1.48
2008,Switzerland,10.0,0.0,0,0.795,1.0,1.0,73.492,1.47
2009,Switzerland,10.0,0.0,0,0.796,1.0,1.0,73.438,1.48
2010,Switzerland,10.0,0.0,0,0.814,1.0,1.0,73.383,1.5
2011,Switzerland,10.0,0.0,1,0.795,1.0,1.0,73.375,1.38
2012,Switzerland,10.0,0.0,0,0.813,1.0,1.0,73.401,1.39
2000,Tajikistan,10.0,0.0,0,0.737,1.0,1.0,73.653,1.52
2001,Tajikistan,-2.0,9.0,312,,5.0,5.0,31.09,5.176
2002,Tajikistan,-6.0,9.0,0,,6.0,6.0,30.527,4.965
2003,Tajikistan,-6.0,9.0,0,,7.0,7.0,29.972,4.812
2004,Tajikistan,-6.0,9.0,0,,7.0,7.0,29.421,4.766
2005,Tajikistan,-6.0,9.0,0,0.536,7.0,7.0,28.877,4.658
2006,Tajikistan,-6.0,9.0,0,0.78,7.0,7.0,28.338,4.441
2007,Tajikistan,-5.0,9.0,0,0.76,6.0,6.0,27.806,4.317
2008,Tajikistan,-1.0,9.0,0,0.785,6.0,6.0,27.28,4.281
2009,Tajikistan,-1.0,7.0,0,0.791,6.0,6.0,26.76,4.127
2010,Tajikistan,-1.0,7.0,1250,0.814,6.0,6.0,26.501,4.006
2011,Tajikistan,-1.0,10.0,12,0.959,6.0,6.0,26.503,3.884
2012,Tajikistan,-1.0,3.0,1250,1.016,6.0,6.0,26.505,3.767
2000,Tanzania,-6.0,11.0,437,0.961,6.0,6.0,18.884,6.195
2001,Tanzania,-6.0,13.0,437,1.054,6.0,6.0,19.208,6.135
2002,Tanzania,-5.0,12.0,0,1.052,6.0,6.0,19.536,6.078
2003,Tanzania,-5.0,10.0,0,0.788,6.0,6.0,19.867,6.011
2004,Tanzania,-5.0,16.0,0,0.868,6.0,6.0,20.203,5.927
2005,Tanzania,-1.0,9.0,312,0.89,5.0,5.0,20.543,5.865
2006,Tanzania,-1.0,12.0,0,0.921,5.0,5.0,20.888,5.848
2007,Tanzania,-1.0,12.0,0,0.989,5.0,5.0,21.237,5.838
2008,Tanzania,-1.0,12.0,0,0.818,5.0,5.0,21.59,5.789
2009,Tanzania,-1.0,9.0,437,0.761,4.0,4.0,21.947,5.734
2010,Tanzania,-1.0,9.0,0,0.748,4.0,4.0,22.309,5.686
2011,Tanzania,-1.0,10.0,4,0.785,4.0,4.0,22.674,5.665
2012,Tanzania,-1.0,9.0,312,0.764,4.0,4.0,23.044,5.623
2000,Thailand,3.0,8.0,0,1.33,2.0,2.0,29.424,2.09
2001,Thailand,-1.0,6.0,0,1.347,6.0,6.0,29.593,2.047
2002,Thailand,9.0,6.0,0,1.195,3.0,3.0,29.763,2.026
2003,Thailand,9.0,6.0,0,1.222,3.0,3.0,29.934,1.987
2004,Thailand,9.0,6.0,3562,1.254,3.0,3.0,30.105,1.945
2005,Thailand,9.0,6.0,0,1.257,3.0,3.0,30.276,1.898
2006,Thailand,9.0,6.0,4187,1.279,3.0,3.0,30.449,1.893
2007,Thailand,9.0,6.0,0,1.187,3.0,3.0,30.622,1.864
2008,Thailand,9.0,4.0,3187,1.0,2.0,2.0,30.795,1.784
2009,Thailand,9.0,4.0,3000,0.927,2.0,2.0,30.969,1.664
2010,Thailand,9.0,4.0,1625,0.896,2.0,2.0,31.386,1.612
2011,Thailand,9.0,4.0,0,0.908,2.0,2.0,32.548,1.588
2012,Thailand,9.0,4.0,1562,0.933,2.0,2.0,33.734,1.567
2000,Turkmenistan,7.0,4.0,0,0.938,4.0,4.0,45.445,1.586
2001,Turkmenistan,-8.0,11.0,0,,6.0,6.0,44.99,4.106
2002,Turkmenistan,-9.0,11.0,312,,7.0,7.0,44.904,3.962
2003,Turkmenistan,-9.0,11.0,0,,7.0,7.0,44.819,3.837
2004,Turkmenistan,-9.0,7.0,0,0.616,7.0,7.0,44.734,3.67
2005,Turkmenistan,-9.0,7.0,0,0.82,7.0,7.0,44.794,3.507
2006,Turkmenistan,-9.0,7.0,0,0.73,7.0,7.0,45.018,3.336
2007,Turkmenistan,-9.0,7.0,0,1.13,7.0,7.0,45.241,3.213
2008,Turkmenistan,-9.0,7.0,0,0.195,7.0,7.0,45.465,3.102
2009,Turkmenistan,-9.0,7.0,0,0.181,7.0,7.0,45.689,2.995
2010,Turkmenistan,-9.0,7.0,0,0.21,7.0,7.0,45.913,2.898
2011,Turkmenistan,-9.0,10.0,0,0.222,7.0,7.0,46.137,2.791
2012,Turkmenistan,-9.0,3.0,0,0.183,7.0,7.0,46.362,2.686
2000,Togo,-7.0,0.0,0,0.999,6.0,6.0,28.589,6.133
2001,Togo,-5.0,0.0,0,0.796,6.0,6.0,29.005,6.049
2002,Togo,-5.0,0.0,0,0.669,6.0,6.0,29.425,5.947
2003,Togo,-2.0,0.0,0,0.464,7.0,7.0,29.848,5.845
2004,Togo,-2.0,1.0,0,0.579,6.0,6.0,30.275,5.745
2005,Togo,-2.0,0.0,3437,0.707,6.0,6.0,30.705,5.646
2006,Togo,-2.0,0.0,0,0.694,6.0,6.0,31.139,5.543
2007,Togo,-2.0,0.0,0,0.711,6.0,6.0,31.576,5.441
2008,Togo,-2.0,0.0,0,0.747,6.0,6.0,32.016,5.384
2009,Togo,-2.0,0.0,2437,0.722,5.0,5.0,32.46,5.335
2010,Togo,-2.0,0.0,0,0.67,5.0,5.0,32.907,5.269
2011,Togo,-2.0,0.0,0,0.788,5.0,5.0,33.356,5.23
2012,Togo,-2.0,0.0,312,0.693,6.0,6.0,33.809,5.194
2000,Trinidad and Tobago,8.0,0.0,312,1.136,1.0,1.0,54.124,2.382
2001,Trinidad and Tobago,8.0,0.0,250,1.35,1.0,1.0,54.308,2.282
2002,Trinidad and Tobago,8.0,0.0,250,1.283,1.0,1.0,54.491,2.205
2003,Trinidad and Tobago,8.0,0.0,0,1.34,1.0,1.0,54.674,2.101
2004,Trinidad and Tobago,8.0,0.0,0,1.196,1.0,1.0,54.857,2.023
2005,Trinidad and Tobago,9.0,0.0,0,1.166,1.0,1.0,55.04,1.931
2006,Trinidad and Tobago,9.0,0.0,0,1.208,1.0,1.0,55.224,1.874
2007,Trinidad and Tobago,9.0,0.0,0,1.101,1.0,1.0,55.406,1.822
2008,Trinidad and Tobago,9.0,0.0,0,0.886,1.0,1.0,55.589,1.797
2009,Trinidad and Tobago,9.0,0.0,0,1.014,1.0,1.0,55.771,1.788
2010,Trinidad and Tobago,9.0,0.0,0,1.004,2.0,2.0,55.905,1.769
2011,Trinidad and Tobago,9.0,0.0,3,1.105,3.0,3.0,55.718,1.746
2012,Trinidad and Tobago,9.0,0.0,0,1.041,3.0,3.0,55.53,1.718
2000,Tunisia,-6.0,0.0,0,1.358,5.0,5.0,57.946,3.471
2001,Tunisia,-6.0,4.0,0,1.409,5.0,5.0,58.756,3.324
2002,Tunisia,-6.0,4.0,0,1.486,6.0,6.0,59.562,3.175
2003,Tunisia,-3.0,4.0,0,1.549,6.0,6.0,60.362,3.017
2004,Tunisia,-3.0,4.0,0,1.493,6.0,6.0,61.078,2.856
2005,Tunisia,-3.0,4.0,0,1.471,6.0,6.0,61.474,2.673
2006,Tunisia,-3.0,4.0,0,1.42,6.0,6.0,61.87,2.505
2007,Tunisia,-3.0,4.0,0,1.429,6.0,6.0,62.262,2.359
2008,Tunisia,-3.0,4.0,0,1.507,6.0,6.0,62.653,2.219
2009,Tunisia,-3.0,4.0,0,1.477,6.0,6.0,63.043,2.099
2010,Tunisia,-3.0,4.0,0,1.469,6.0,6.0,63.432,2.049
2011,Tunisia,-3.0,4.0,87,1.493,6.0,6.0,63.818,1.997
2012,Tunisia,-4.0,4.0,1750,1.478,6.0,6.0,64.202,1.969
2000,Uganda,-7.0,9.0,0,0.43,6.0,6.0,11.076,7.037
2001,Uganda,-7.0,10.0,0,0.52,6.0,6.0,11.454,6.983
2002,Uganda,-7.0,12.0,0,0.478,6.0,6.0,11.79,6.96
2003,Uganda,-4.0,12.0,312,0.572,6.0,6.0,12.133,6.932
2004,Uganda,-4.0,18.0,2187,0.628,5.0,5.0,12.485,6.928
2005,Uganda,-4.0,11.0,4062,0.741,5.0,5.0,12.846,6.917
2006,Uganda,-4.0,18.0,1875,0.785,4.0,4.0,13.216,6.894
2007,Uganda,-4.0,16.0,1875,0.787,4.0,4.0,13.594,6.906
2008,Uganda,-4.0,16.0,1875,0.774,4.0,4.0,13.982,6.887
2009,Uganda,-4.0,13.0,3125,0.839,5.0,5.0,14.379,6.875
2010,Uganda,-4.0,13.0,3125,0.811,6.0,6.0,14.786,6.832
2011,Uganda,-4.0,14.0,31,0.817,6.0,6.0,15.201,6.81
2012,Uganda,-4.0,13.0,500,0.829,6.0,6.0,15.626,6.779
2000,United Kingdom,10.0,0.0,375,1.123,1.0,1.0,78.14,1.83
2001,United Kingdom,10.0,0.0,1250,1.084,1.0,1.0,78.112,1.82
2002,United Kingdom,10.0,0.0,437,1.054,1.0,1.0,78.172,1.79
2003,United Kingdom,10.0,0.0,125,1.011,1.0,1.0,78.232,1.76
2004,United Kingdom,10.0,0.0,125,1.024,1.0,1.0,78.293,1.74
2005,United Kingdom,10.0,0.0,0,0.979,1.0,1.0,78.353,1.71
2006,United Kingdom,10.0,0.0,0,0.963,1.0,1.0,78.413,1.73
2007,United Kingdom,10.0,0.0,0,0.981,1.0,1.0,78.472,1.72
2008,United Kingdom,10.0,0.0,0,1.028,1.0,1.0,78.532,1.71
2009,United Kingdom,10.0,0.0,562,1.044,1.0,1.0,78.591,1.68
2010,United Kingdom,10.0,0.0,875,1.05,1.0,1.0,78.651,1.64
2011,United Kingdom,10.0,0.0,32,1.035,1.0,1.0,78.751,1.63
2012,United Kingdom,10.0,0.0,1000,1.0,1.0,1.0,79.047,1.63
2000,Ukraine,10.0,0.0,0,0.976,1.0,1.0,81.837,1.92
2001,Ukraine,6.0,0.0,1437,2.004,3.0,3.0,66.796,1.776
2002,Ukraine,6.0,1.0,125,2.014,3.0,3.0,66.835,1.674
2003,Ukraine,5.0,1.0,125,2.001,4.0,4.0,66.874,1.562
2004,Ukraine,7.0,5.0,375,2.143,3.0,3.0,66.912,1.468
2005,Ukraine,7.0,5.0,250,1.708,3.0,3.0,66.951,1.398
2006,Ukraine,7.0,5.0,0,1.736,3.0,3.0,66.99,1.335
2007,Ukraine,7.0,1.0,0,1.8,3.0,3.0,67.029,1.272
2008,Ukraine,7.0,0.0,250,1.727,3.0,3.0,67.067,1.211
2009,Ukraine,7.0,4.0,250,1.525,3.0,3.0,67.106,1.127
2010,Ukraine,6.0,4.0,0,1.309,4.0,4.0,67.145,1.116
2011,Ukraine,6.0,4.0,4,1.257,4.0,4.0,67.183,1.078
2012,Ukraine,6.0,4.0,625,1.285,4.0,4.0,67.283,1.095
2000,Uruguay,10.0,0.0,0,1.172,1.0,1.0,88.973,2.433
2001,Uruguay,10.0,0.0,0,1.215,1.0,1.0,89.304,2.446
2002,Uruguay,10.0,0.0,0,1.233,1.0,1.0,89.627,2.423
2003,Uruguay,10.0,0.0,0,1.38,2.0,2.0,89.94,2.397
2004,Uruguay,10.0,0.0,0,1.335,2.0,2.0,90.245,2.415
2005,Uruguay,10.0,0.0,0,1.18,2.0,2.0,90.542,2.401
2006,Uruguay,10.0,0.0,0,1.196,1.0,1.0,90.835,2.364
2007,Uruguay,10.0,0.0,625,1.269,1.0,1.0,91.147,2.328
2008,Uruguay,10.0,0.0,0,1.273,1.0,1.0,91.45,2.262
2009,Uruguay,10.0,0.0,0,1.145,1.0,1.0,91.743,2.22
2010,Uruguay,10.0,0.0,0,1.09,1.0,1.0,92.028,2.168
2011,Uruguay,10.0,0.0,0,1.132,1.0,1.0,92.303,2.132
2012,Uruguay,10.0,0.0,0,1.153,1.0,1.0,92.569,2.142
2000,United States,10.0,0.0,0,0.883,1.0,1.0,75.3,2.081
2001,United States,10.0,0.0,0,0.879,1.0,1.0,75.701,2.0625
2002,United States,10.0,0.0,250,0.871,1.0,1.0,76.097,2.046
2003,United States,10.0,0.0,125,0.874,1.0,1.0,76.488,2.0195
2004,United States,10.0,1.0,625,0.878,1.0,1.0,76.875,2.0015
2005,United States,10.0,1.0,375,0.881,1.0,1.0,77.257,1.978
2006,United States,10.0,1.0,125,0.889,1.0,1.0,77.636,1.976
2007,United States,10.0,1.0,375,0.895,1.0,1.0,78.008,1.971
2008,United States,10.0,0.0,375,0.905,1.0,1.0,78.377,1.999
2009,United States,10.0,0.0,250,0.9,1.0,1.0,78.742,2.0075
2010,United States,10.0,0.0,125,0.901,1.0,1.0,79.057,2.056
2011,United States,10.0,0.0,104,0.866,1.0,1.0,79.234,2.0305
2012,United States,10.0,0.0,7000,0.792,1.0,1.0,79.409,2.0205
2000,Uzbekistan,10.0,3.0,3125,0.714,1.0,1.0,81.119,1.8805
2001,Uzbekistan,-9.0,7.0,1875,,6.0,6.0,41.836,4.199
2002,Uzbekistan,-9.0,10.0,0,,6.0,6.0,42.308,4.004
2003,Uzbekistan,-9.0,10.0,0,2.378,7.0,7.0,42.78,3.8
2004,Uzbekistan,-9.0,10.0,1375,2.229,7.0,7.0,43.255,3.537
2005,Uzbekistan,-9.0,10.0,2625,2.567,7.0,7.0,43.731,3.596
2006,Uzbekistan,-9.0,10.0,0,2.914,7.0,7.0,44.208,3.32
2007,Uzbekistan,-9.0,10.0,0,2.563,7.0,7.0,44.685,3.082
2008,Uzbekistan,-9.0,10.0,0,2.777,7.0,7.0,45.164,2.815
2009,Uzbekistan,-9.0,7.0,0,2.651,7.0,7.0,45.644,2.72
2010,Uzbekistan,-9.0,7.0,0,2.448,7.0,7.0,46.126,2.58
2011,Uzbekistan,-9.0,10.0,0,2.137,7.0,7.0,46.606,2.46
2012,Uzbekistan,-9.0,3.0,0,2.067,7.0,7.0,47.088,2.52
2000,Zambia,-9.0,13.0,0,0.917,6.0,6.0,39.407,6.533
2001,Zambia,6.0,13.0,375,0.938,2.0,2.0,38.989,6.447
2002,Zambia,6.0,15.0,437,1.041,2.0,2.0,38.514,6.364
2003,Zambia,6.0,9.0,0,0.802,3.0,3.0,38.042,6.318
2004,Zambia,6.0,9.0,0,0.888,3.0,3.0,37.572,6.274
2005,Zambia,6.0,9.0,0,0.835,3.0,3.0,37.104,6.241
2006,Zambia,1.0,14.0,0,0.901,5.0,5.0,36.638,6.183
2007,Zambia,1.0,12.0,0,0.934,5.0,5.0,36.176,6.117
2008,Zambia,1.0,12.0,0,1.038,5.0,5.0,35.716,6.049
2009,Zambia,1.0,12.0,0,1.179,5.0,5.0,35.258,5.987
2010,Zambia,1.0,12.0,0,1.173,5.0,5.0,34.802,5.926
2011,Zambia,5.0,12.0,0,1.095,5.0,5.0,35.002,5.862
2012,Zambia,5.0,12.0,0,1.023,4.0,4.0,35.475,5.792
2000,Zimbabwe,-6.0,9.0,437,1.998,6.0,6.0,28.988,4.873
2001,Zimbabwe,-6.0,9.0,312,2.019,5.0,5.0,29.738,4.714
2002,Zimbabwe,-6.0,9.0,500,1.737,5.0,5.0,30.499,4.567
2003,Zimbabwe,-6.0,3.0,1187,1.714,5.0,5.0,30.94,4.386
2004,Zimbabwe,-6.0,3.0,0,1.545,5.0,5.0,31.335,4.27
2005,Zimbabwe,-6.0,3.0,0,1.629,5.0,5.0,31.732,4.154
2006,Zimbabwe,-6.0,3.0,125,1.873,5.0,5.0,32.132,4.109
2007,Zimbabwe,-6.0,0.0,0,2.136,5.0,5.0,32.534,4.063
2008,Zimbabwe,-6.0,0.0,937,2.085,5.0,5.0,32.939,4.032
2009,Zimbabwe,-3.0,0.0,375,1.823,6.0,6.0,33.347,4.009
2010,Zimbabwe,-3.0,0.0,0,1.651,6.0,6.0,33.758,3.974
2011,Zimbabwe,-4.0,0.0,2,1.328,6.0,6.0,34.17,3.954
2012,Zimbabwe,-4.0,0.0,0,1.239,6.0,6.0,34.585,3.887
